,"Massachusetts School and District Profiles",,,,,,,,,,,,,,,,,,,,,
,,,,,,,,,,,,,,,,,,,,,,
,"2012 - 2013 Special Education Report",,,,,,,,,,,,,,,,,,,,,
,,,,,,,,,,,,,,,,,,,,,,
,"NOTES: Special Education data are suppressed for enrollment counts fewer than 6.",,,,,,,,,,,,,,,,,,,,,
,"      NA = Not Applicable; NR = Not Reported; ""-"" = data suppressed.",,,,,,,,,,,,,,,,,,,,,
,,,,,,,,,,,,,,,,,,,,,,
,,,,,,,,,,,,,,,,,,,,,,
,,,"Indicator 1",,,"Indicator 2",,,"Indicator 5",,,"Indicator 6",,,"Indicator 7",,"Indicator 8",,,"Indicator 14",,
,,,"(Spec Ed. Grad Rate)",,,"(Spec Ed. Dropout)",,,"(LRE Ages 6-21)",,,"(LRE Ages 3-5)",,,"(Early Childhood Outcomes)",,"(Parent Involvement)",,,"(Post-School Outcomes for Students with IEPs)",,
,"Org Name","Org Code","Grad Cohort #","Grad #","Grad %","Enr #","Drop #","Drop %",Students,"Full Incl","Full Incl",Students,"Full Incl #","Full Incl %","Cohort Completion Year","Substantial growth of knowledge & skills","Survey Period","Surv Meet Std #","Surv Meet Std %","Sch Yr Rev","# of Students Engaged","Dist Rate"
Year,,,,,,,,,#,#,%,#,,,,,,,,,,
2012,Abington,00010000,27,17,63,84,3,3.6,295,205,69.5,20,1,5,2012-13,-,"Spring 2013",NA,NA,2010-11,8,100
2012,Acton,00020000,NA,NA,NA,NA,NA,NA,337,290,86.1,58,6,10.3,2010-11,86.7,"Spring 2011",-,-,2012-13,NR,NR
2012,Acushnet,00030000,3,-,-,0,-,-,174,128,73.6,28,7,25,2013-14,-,"Spring 2012",-,-,2011-12,NA,NA
2012,Agawam,00050000,77,60,77.9,138,6,4.3,547,308,56.3,76,46,60.5,2011-12,-,"Spring 2012",93,82,2009-10,14,100
2012,Amesbury,00070000,28,11,39.3,98,5,5.1,396,270,68.2,74,7,9.5,2012-13,-,"Spring 2013",NA,NA,2010-11,7,87.5
2012,Amherst,00080000,NA,NA,NA,NA,NA,NA,205,101,49.3,37,0,0,2013-14,80,"Spring 2012",39,80,2011-12,NA,NA
2012,Andover,00090000,89,73,82,240,0,0,949,650,68.5,94,2,2.1,2011-12,-,"Spring 2012",-,-,2009-10,35,94.6
2012,Arlington,00100000,58,45,77.6,141,2,1.4,655,458,69.9,85,12,14.1,NA,NA,"Spring 2011",12,40,2012-13,NR,NR
2012,Ashland,00140000,30,27,90,80,2,2.5,325,272,83.7,35,13,37.1,2011-12,-,"Spring 2012",34,81,2009-10,6,100
2012,Attleboro,00160000,79,57,72.2,254,7,2.8,910,608,66.8,140,10,7.1,2011-12,-,"Spring 2012",100,84,2009-10,9,75
2012,Auburn,00170000,30,23,76.7,85,0,0,288,162,56.3,34,9,26.5,2010-11,92.3,"Spring 2011",19,86.4,2012-13,NR,NR
2012,Avon,00180000,14,7,50,49,4,8.2,128,93,72.7,21,1,4.8,2011-12,-,"Spring 2012",-,-,2009-10,2,100
2012,Barnstable,00200000,80,57,71.3,147,6,4.1,531,318,59.9,90,0,0,2010-11,77.4,"Spring 2011",15,60,2012-13,NR,NR
2012,Bedford,00230000,40,33,82.5,108,0,0,372,232,62.4,32,5,15.6,2011-12,-,"Spring 2012",56,86,2009-10,20,83.3
2012,Belchertown,00240000,36,26,72.2,76,2,2.6,337,151,44.8,28,9,32.1,2012-13,-,"Spring 2013",NA,NA,2010-11,8,100
2012,Bellingham,00250000,36,15,41.7,91,8,8.8,309,210,68,46,2,4.3,2012-13,100,"Spring 2013",NA,NA,2010-11,10,100
2012,Belmont,00260000,43,40,93,76,0,0,350,272,77.7,60,32,53.3,2012-13,100,"Spring 2013",NA,NA,2010-11,17,100
2012,Berkley,00270000,NA,NA,NA,NA,NA,NA,129,34,26.4,18,2,11.1,2011-12,-,"Spring 2012",-,-,2009-10,NA,NA
2012,Berlin,00280000,NA,NA,NA,NA,NA,NA,40,39,97.5,8,2,25,2012-13,-,"Spring 2013",NA,NA,2010-11,NA,NA
2012,Beverly,00300000,83,45,54.2,197,12,6.1,782,453,57.9,116,1,0.9,2012-13,88.9,"Spring 2013",NA,NA,2010-11,10,83.3
2012,Billerica,00310000,86,59,68.6,190,8,4.2,1027,529,51.5,144,29,20.1,2010-11,91.7,"Spring 2011",40,93,2012-13,NR,NR
2012,Boston,00350000,885,380,42.9,2852,69,2.4,9457,2197,23.2,1067,26,2.4,"All Indica",83.3,"Spring 2012",140,87,2011-12,31,91.2
2012,Bourne,00360000,30,25,83.3,80,1,1.3,313,217,69.3,32,0,0,2013-14,-,"Spring 2012",42,74,2011-12,9,100
2012,Boxborough,00370000,NA,NA,NA,NA,NA,NA,46,28,60.9,14,4,28.6,NA,NA,"Spring 2011",-,-,2012-13,NR,NR
2012,Boxford,00380000,NA,NA,NA,NA,NA,NA,128,95,74.2,22,4,18.2,2013-14,-,"Spring 2012",30,94,2011-12,NA,NA
2012,Boylston,00390000,NA,NA,NA,NA,NA,NA,47,42,89.4,9,0,0,2012-13,-,"Spring 2013",NA,NA,2010-11,NA,NA
2012,Braintree,00400000,88,76,86.4,238,2,0.8,993,641,64.6,143,37,25.9,2013-14,-,"Spring 2012",128,93,2011-12,14,87.5
2012,Brewster,00410000,NA,NA,NA,NA,NA,NA,52,46,88.5,13,0,0,2013-14,-,"Spring 2012",-,-,2011-12,NA,NA
2012,Brimfield,00430000,NA,NA,NA,NA,NA,NA,35,29,82.9,5,-,-,2011-12,-,"Spring 2012",-,-,2009-10,NA,NA
2012,Brockton,00440000,176,79,44.9,533,36,6.8,1869,1227,65.7,223,3,1.3,2013-14,50,"Spring 2012",132,84,2011-12,12,66.7
2012,Brookfield,00450000,NA,NA,NA,NA,NA,NA,34,30,88.2,7,0,0,2011-12,-,"Spring 2012",-,-,2009-10,NA,NA
2012,Brookline,00460000,111,91,82,276,1,0.4,1053,735,69.8,149,99,66.4,2012-13,100,"Spring 2013",NA,NA,2010-11,NA,NA
2012,Burlington,00480000,50,36,72,95,3,3.2,422,279,66.1,64,1,1.6,2012-13,100,"Spring 2013",NA,NA,2010-11,18,90
2012,Cambridge,00490000,131,91,69.5,248,6,2.4,1185,826,69.7,142,0,0,2011-12,-,"Spring 2012",-,-,2009-10,3,100
2012,Canton,00500000,32,28,87.5,NA,NA,NA,408,266,65.2,67,1,1.5,2010-11,80,"Spring 2011",18,64.3,2012-13,NR,NR
2012,Carlisle,00510000,NA,NA,NA,NA,NA,NA,85,72,84.7,18,12,66.7,2013-14,-,"Spring 2012",-,-,2011-12,NA,NA
2012,Carver,00520000,23,12,52.2,59,4,6.8,256,156,60.9,17,0,0,2011-12,-,"Spring 2012",-,-,2009-10,8,88.9
2012,Chatham,00550000,7,6,85.7,32,0,0,106,72,67.9,12,7,58.3,2010-11,-,"Spring 2013",NA,NA,2010-11,5,71.4
2012,Chelmsford,00560000,50,40,80,164,5,3,667,390,58.5,109,40,36.7,2013-14,-,"Spring 2012",61,85,2011-12,54,100
2012,Chelsea,00570000,67,15,22.4,145,1,0.7,660,365,55.3,52,0,0,2011-12,-,"Spring 2012",-,-,2009-10,2,66.7
2012,Chicopee,00610000,116,49,42.2,394,31,7.9,1183,652,55.1,139,116,83.5,2013-14,-,"Spring 2012",67,86,2011-12,36,78.3
2012,Clarksburg,00630000,NA,NA,NA,NA,NA,NA,26,19,73.1,5,-,-,2012-13,-,"Spring 2013",NA,NA,2010-11,NA,NA
2012,Clinton,00640000,24,15,62.5,79,2,2.5,314,216,68.8,64,2,3.1,2011-12,-,"Spring 2012",17,74,2009-10,8,80
2012,Cohasset,00650000,13,12,92.3,NA,NA,NA,177,147,83.1,19,0,0,2012-13,-,"Spring 2013",NA,NA,2010-11,3,100
2012,Concord,00670000,NA,NA,NA,NA,NA,NA,336,224,66.7,32,18,56.3,2013-14,-,"Spring 2012",42,79,2011-12,NA,NA
2012,Conway,00680000,NA,NA,NA,NA,NA,NA,28,16,57.1,6,0,0,2011-12,-,"Spring 2012",-,-,2009-10,NA,NA
2012,Danvers,00710000,53,36,67.9,167,6,3.6,582,332,57,56,2,3.6,2011-12,-,"Spring 2012",-,-,2009-10,5,100
2012,Dartmouth,00720000,46,35,76.1,97,5,5.2,434,272,62.7,32,2,6.3,2012-13,83.3,"Spring 2013",NA,NA,2010-11,4,100
2012,Dedham,00730000,53,42,79.2,132,4,3,579,359,62,84,48,57.1,2010-11,62.5,"Spring 2011",70,88.6,2012-13,NR,NR
2012,Deerfield,00740000,NA,NA,NA,NA,NA,NA,66,44,66.7,13,0,0,2011-12,-,"Spring 2012",-,-,2009-10,NA,NA
2012,Douglas,00770000,27,19,70.4,54,4,7.4,245,192,78.4,15,0,0,2010-11,-,"Spring 2011",11,91.7,2012-13,NR,NR
2012,Dover,00780000,NA,NA,NA,NA,NA,NA,59,47,79.7,9,1,11.1,NA,NA,"Spring 2011",-,-,2012-13,NR,NR
2012,Dracut,00790000,35,22,62.9,82,7,8.5,436,260,59.6,64,1,1.6,2011-12,-,"Spring 2012",8,62,2009-10,NA,NA
2012,Duxbury,00820000,46,42,91.3,96,1,1,390,324,83.1,27,13,48.1,2011-12,-,"Spring 2012",21,81,2009-10,20,100
2012,"East Bridgewater",00830000,13,11,84.6,44,3,6.8,312,227,72.8,50,15,30,2010-11,90.5,"Spring 2011",7,53.8,2012-13,NR,NR
2012,Eastham,00850000,NA,NA,NA,NA,NA,NA,30,19,63.3,6,0,0,NA,NA,"Spring 2012",-,-,2011-12,NA,NA
2012,Easthampton,00860000,24,19,79.2,86,3,3.5,304,199,65.5,33,0,0,2013-14,50,"Spring 2012",-,-,2011-12,NA,NA
2012,"East Longmeadow",00870000,62,53,85.5,177,0,0,542,325,60,23,0,0,2011-12,-,"Spring 2012",-,-,2009-10,23,95.8
2012,Easton,00880000,63,54,85.7,161,0,0,656,474,72.3,59,7,11.9,2013-14,-,"Spring 2012",54,90,2011-12,40,100
2012,Edgartown,00890000,NA,NA,NA,NA,NA,NA,59,31,52.5,6,0,0,2012-13,-,"Spring 2013",NA,NA,2010-11,NA,NA
2012,Erving,00910000,NA,NA,NA,NA,NA,NA,27,13,48.1,10,5,50,2013-14,-,"Spring 2012",-,-,2011-12,NA,NA
2012,Everett,00930000,78,41,52.6,215,0,0,915,466,50.9,97,56,57.7,NA,NA,"Spring 2011",13,86.7,2012-13,NR,NR
2012,Fairhaven,00940000,26,17,65.4,65,3,4.6,271,216,79.7,35,3,8.6,2010-11,60,"Spring 2011",8,72.7,2012-13,NR,NR
2012,"Fall River",00950000,140,50,35.7,496,42,8.5,1894,1080,57,205,22,10.7,2012-13,94.1,"Spring 2013",NA,NA,2010-11,5,83.3
2012,Falmouth,00960000,57,41,71.9,128,3,2.3,568,368,64.8,66,3,4.5,2012-13,85.7,"Spring 2013",NA,NA,2010-11,11,100
2012,Fitchburg,00970000,91,59,64.8,244,26,10.7,1027,429,41.8,120,57,47.5,2010-11,62.5,"Spring 2011",-,-,2012-13,NR,NR
2012,Florida,00980000,NA,NA,NA,NA,NA,NA,17,17,100,2,-,-,2012-13,-,"Spring 2013",NA,NA,2010-11,NA,NA
2012,Foxborough,00990000,35,35,100,135,1,0.7,416,245,58.9,40,20,50,2012-13,-,"Spring 2013",NA,NA,2010-11,8,100
2012,Framingham,01000000,138,102,73.9,378,12,3.2,1734,956,55.1,196,48,24.5,2013-14,72.7,"Spring 2012",241,79,2011-12,98,100
2012,Franklin,01010000,81,64,79,263,4,1.5,854,566,66.3,87,2,2.3,NA,NA,"Spring 2011",231,86.8,2012-13,NR,NR
2012,Gardner,01030000,45,18,40,96,12,12.5,447,205,45.9,67,40,59.7,2012-13,73.3,"Spring 2013",NA,NA,2010-11,2,100
2012,Georgetown,01050000,26,20,76.9,67,1,1.5,189,151,79.9,32,18,56.3,2011-12,-,"Spring 2012",34,71,2009-10,6,85.7
2012,Gloucester,01070000,66,46,69.7,218,15,6.9,617,441,71.5,70,25,35.7,NA,NA,"Spring 2011",30,85.7,2012-13,NR,NR
2012,Gosnold,01090000,NA,NA,NA,NA,NA,NA,0,-,-,0,-,-,2013-14,-,"Spring 2012",-,-,2011-12,NA,NA
2012,Grafton,01100000,29,20,69,91,0,0,402,186,46.3,64,4,6.3,NA,NA,"Spring 2011",16,69.6,2012-13,NR,NR
2012,Granby,01110000,20,16,80,NA,NA,NA,174,78,44.8,18,0,0,2013-14,-,"Spring 2012",17,85,2011-12,4,100
2012,Granville,01120000,NA,NA,NA,NA,NA,NA,17,15,88.2,2,-,-,NA,NA,"Spring 2013",NA,NA,2010-11,NA,NA
2012,Greenfield,01140000,29,12,41.4,62,3,4.8,284,92,32.4,35,0,0,NA,NA,"Spring 2011",9,75,2012-13,NR,NR
2012,Hadley,01170000,10,8,80,18,0,0,70,58,82.9,11,0,0,2010-11,-,"Spring 2011",-,-,2012-13,NR,NR
2012,Halifax,01180000,1,-,-,NA,NA,NA,82,61,74.4,4,-,-,NA,NA,"Spring 2012",-,-,2011-12,NA,NA
2012,Hancock,01210000,1,-,-,NA,NA,NA,3,-,-,0,-,-,2012-13,-,"Spring 2013",NA,NA,2010-11,NA,NA
2012,Hanover,01220000,21,18,85.7,93,1,1.1,389,301,77.4,49,0,0,2009-10,62.5,"Spring 2011",34,85,2012-13,NR,NR
2012,Harvard,01250000,16,13,81.3,48,0,0,173,140,80.9,14,1,7.1,2010-11,0,"Spring 2011",33,78.6,2012-13,NR,NR
2012,Harwich,01260000,12,9,75,32,4,12.5,167,111,66.5,29,28,96.6,2011-12,NA,"Spring 2011",-,-,2012-13,NR,NR
2012,Hatfield,01270000,8,5,62.5,NA,NA,NA,65,53,81.5,4,-,-,2013-14,-,"Spring 2012",-,-,2011-12,6,100
2012,Haverhill,01280000,114,47,41.2,411,13,3.2,1387,558,40.2,193,74,38.3,2013-14,88.2,"Spring 2012",95,83,2011-12,16,88.9
2012,Hingham,01310000,53,44,83,136,0,0,532,460,86.5,39,24,61.5,2011-12,-,"Spring 2012",69,89,2009-10,8,72.7
2012,Holbrook,01330000,15,5,33.3,30,5,16.7,192,96,50,33,9,27.3,NA,NA,"Spring 2011",12,85.7,2012-13,NR,NR
2012,Holland,01350000,NA,NA,NA,NA,NA,NA,41,7,17.1,4,-,-,2011-12,-,"Spring 2012",-,-,2009-10,NA,NA
2012,Holliston,01360000,35,33,94.3,NA,NA,NA,417,280,67.1,43,8,18.6,2012-13,-,"Spring 2013",NA,NA,2010-11,14,100
2012,Holyoke,01370000,142,37,26.1,471,64,13.6,1420,759,53.5,148,54,36.5,2011-12,-,"Spring 2012",10,71,2009-10,7,50
2012,Hopedale,01380000,24,23,95.8,55,2,3.6,185,105,56.8,29,13,44.8,NA,NA,"Spring 2011",25,86.2,2012-13,NR,NR
2012,Hopkinton,01390000,47,40,85.1,117,3,2.6,422,352,83.4,40,4,10,2013-14,50,"Spring 2012",58,85,2011-12,15,75
2012,Hudson,01410000,48,29,60.4,111,6,5.4,457,315,68.9,76,58,76.3,2013-14,-,"Spring 2012",78,74,2011-12,14,36.8
2012,Hull,01420000,18,14,77.8,46,5,10.9,153,102,66.7,22,11,50,NA,NA,"Spring 2011",-,-,2012-13,NR,NR
2012,Ipswich,01440000,28,25,89.3,75,1,1.3,272,168,61.8,20,0,0,2012-13,-,"Spring 2013",NA,NA,2010-11,8,80
2012,Kingston,01450000,1,-,-,NA,NA,NA,146,76,52.1,17,0,0,NA,NA,"Spring 2012",24,83,2011-12,NA,NA
2012,Lanesborough,01480000,NA,NA,NA,NA,NA,NA,44,21,47.7,6,0,0,2012-13,-,"Spring 2013",NA,NA,2010-11,NA,NA
2012,Lawrence,01490000,177,63,35.6,705,56,7.9,2471,396,16,186,87,46.8,NA,NA,"Spring 2011",25,78.1,2012-13,NR,NR
2012,Lee,01500000,14,10,71.4,30,0,0,87,56,64.4,12,0,0,2011-12,-,"Spring 2012",-,-,2009-10,8,72.7
2012,Leicester,01510000,21,14,66.7,49,1,2,244,130,53.3,28,0,0,2011-12,-,"Spring 2012",-,-,2009-10,13,76.5
2012,Lenox,01520000,8,5,62.5,17,0,0,69,41,59.4,11,11,100,2013-14,-,"Spring 2012",-,-,2011-12,4,100
2012,Leominster,01530000,80,60,75,236,6,2.5,972,446,45.9,135,14,10.4,2011-12,-,"Spring 2012",61,79,2009-10,27,90
2012,Leverett,01540000,NA,NA,NA,NA,NA,NA,29,21,72.4,5,-,-,2013-14,-,"Spring 2012",-,-,2011-12,NA,NA
2012,Lexington,01550000,85,73,85.9,210,0,0,863,588,68.1,73,8,11,2012-13,-,"Spring 2013",NA,NA,2010-11,27,100
2012,Lincoln,01570000,NA,NA,NA,NA,NA,NA,121,107,88.4,21,0,0,NA,NA,"Spring 2011",13,92.9,2012-13,NR,NR
2012,Littleton,01580000,25,20,80,54,0,0,292,218,74.7,35,0,0,2012-13,100,"Spring 2013",NA,NA,2009-10,18,94.7
2012,Longmeadow,01590000,60,54,90,160,1,0.6,564,414,73.4,43,2,4.7,2013-14,-,"Spring 2012",10,50,2011-12,25,100
2012,Lowell,01600000,105,42,40,369,31,8.4,1841,1081,58.7,307,0,0,2012-13,80.6,"Spring 2013",NA,NA,2010-11,15,78.9
2012,Ludlow,01610000,53,35,66,162,4,2.5,420,92,21.9,42,22,52.4,2011-12,-,"Spring 2012",45,80,2009-10,17,94.4
2012,Lunenburg,01620000,14,11,78.6,NA,NA,NA,269,207,77,25,15,60,2012-13,-,"Spring 2013",NA,NA,2010-11,7,100
2012,Lynn,01630000,202,106,52.5,573,48,8.4,2132,790,37.1,164,71,43.3,2011-12,-,"Spring 2012",29,55,2009-10,22,68.8
2012,Lynnfield,01640000,18,15,83.3,67,1,1.5,292,225,77.1,38,1,2.6,2012-13,-,"Spring 2013",NA,NA,2010-11,8,100
2012,Malden,01650000,75,35,46.7,215,0,0,833,402,48.3,107,76,71,2012-13,-,"Spring 2013",NA,NA,2010-11,21,95.5
2012,Mansfield,01670000,74,62,83.8,239,5,2.1,793,458,57.8,78,36,46.2,2012-13,81.3,"Spring 2013",NA,NA,2010-11,18,100
2012,Marblehead,01680000,51,48,94.1,171,3,1.8,502,313,62.4,45,35,77.8,2012-13,-,"Spring 2013",NA,NA,2010-11,23,88.5
2012,Marion,01690000,1,-,-,NA,NA,NA,64,59,92.2,10,8,80,2011-12,-,"Spring 2012",-,-,2009-10,NA,NA
2012,Marlborough,01700000,62,41,66.1,203,5,2.5,830,452,54.5,139,25,18,2011-12,-,"Spring 2012",-,-,2009-10,35,100
2012,Marshfield,01710000,74,64,86.5,221,5,2.3,721,523,72.5,78,11,14.1,2012-13,100,"Spring 2013",NA,NA,2010-11,8,100
2012,Mashpee,01720000,28,21,75,68,4,5.9,294,204,69.4,29,3,10.3,2010-11,70.6,"Spring 2011",14,87.5,2012-13,NR,NR
2012,Mattapoisett,01730000,NA,NA,NA,NA,NA,NA,50,44,88,10,8,80,2011-12,-,"Spring 2012",-,-,2009-10,NA,NA
2012,Maynard,01740000,18,12,66.7,48,0,0,195,111,56.9,24,1,4.2,2011-12,-,"Spring 2012",24,96,2009-10,0,0
2012,Medfield,01750000,22,21,95.5,NA,NA,NA,305,252,82.6,38,13,34.2,2012-13,-,"Spring 2013",NA,NA,2010-11,16,100
2012,Medford,01760000,86,55,64,244,12,4.9,852,434,50.9,61,16,26.2,2013-14,-,"Spring 2012",142,84,2011-12,57,91.9
2012,Medway,01770000,40,36,90,113,0,0,415,252,60.7,18,1,5.6,2013-14,-,"Spring 2012",14,70,2011-12,9,100
2012,Melrose,01780000,59,52,88.1,119,0,0,503,348,69.2,54,24,44.4,2012-13,90,"Spring 2013",NA,NA,2010-11,28,100
2012,Methuen,01810000,67,36,53.7,197,8,4.1,947,586,61.9,125,4,3.2,NA,NA,"Spring 2011",42,79.2,2012-13,NR,NR
2012,Middleborough,01820000,33,25,75.8,109,5,4.6,528,386,73.1,72,7,9.7,2010-11,89.3,"Spring 2011",33,71.7,2012-13,NR,NR
2012,Middleton,01840000,NA,NA,NA,NA,NA,NA,122,64,52.5,16,4,25,2013-14,-,"Spring 2012",21,91,2011-12,NA,NA
2012,Milford,01850000,46,36,78.3,155,1,0.6,615,326,53,59,0,0,2013-14,-,"Spring 2012",34,90,2011-12,7,19.4
2012,Millbury,01860000,30,21,70,100,0,0,299,126,42.1,39,35,89.7,NA,NA,"Spring 2011",-,-,2012-13,NR,NR
2012,Millis,01870000,11,9,81.8,36,0,0,173,139,80.3,33,0,0,2012-13,-,"Spring 2013",NA,NA,2010-11,1,100
2012,Milton,01890000,51,41,80.4,102,2,2,571,371,65,80,0,0,2013-14,-,"Spring 2012",53,90,2011-12,8,100
2012,Monson,01910000,15,9,60,34,0,0,167,107,64.1,20,16,80,2011-12,-,"Spring 2012",8,67,2009-10,0,0
2012,Nahant,01960000,NA,NA,NA,NA,NA,NA,9,8,88.9,0,-,-,2011-12,-,"Spring 2012",-,-,2009-10,NA,NA
2012,Nantucket,01970000,19,14,73.7,73,2,2.7,203,122,60.1,20,1,5,2011-12,-,"Spring 2012",12,75,2009-10,7,77.8
2012,Natick,01980000,60,51,85,181,6,3.3,657,345,52.5,61,4,6.6,2011-12,-,"Spring 2012",-,-,2009-10,39,75
2012,Needham,01990000,84,74,88.1,199,1,0.5,727,540,74.3,32,5,15.6,NA,NA,"Spring 2011",17,89.5,2012-13,NR,NR
2012,"New Bedford",02010000,144,46,31.9,458,45,9.8,2196,1362,62,461,10,2.2,2011-12,-,"Spring 2012",-,-,2009-10,5,71.4
2012,Newburyport,02040000,27,22,81.5,90,1,1.1,310,251,81,45,17,37.8,2011-12,-,"Spring 2012",-,-,2009-10,0,0
2012,Newton,02070000,241,210,87.1,738,10,1.4,2288,1711,74.8,185,70,37.8,2010-11,65.5,"Spring 2011",114,88.4,2012-13,NR,NR
2012,Norfolk,02080000,NA,NA,NA,NA,NA,NA,132,108,81.8,33,0,0,2012-13,-,"Spring 2013",NA,NA,2010-11,NA,NA
2012,"North Adams",02090000,33,22,66.7,92,10,10.9,333,218,65.5,66,2,3,2012-13,100,"Spring 2013",NA,NA,2010-11,16,40
2012,Northampton,02100000,57,40,70.2,132,6,4.5,524,250,47.7,46,21,45.7,2010-11,69.2,"Spring 2011",27,77.1,2012-13,NR,NR
2012,"North Andover",02110000,62,45,72.6,141,0,0,602,411,68.3,66,0,0,2013-14,-,"Spring 2012",-,-,2011-12,6,26.1
2012,"North Attleborough",02120000,44,36,81.8,145,3,2.1,657,393,59.8,87,61,70.1,2010-11,91.3,"Spring 2011",57,91.9,2012-13,NR,NR
2012,Northborough,02130000,NA,NA,NA,NA,NA,NA,238,185,77.7,30,1,3.3,2013-14,-,"Spring 2012",28,80,2011-12,NA,NA
2012,Northbridge,02140000,32,21,65.6,99,4,4,374,262,70.1,61,38,62.3,NA,NA,"Spring 2011",20,83.3,2012-13,NR,NR
2012,"North Brookfield",02150000,5,-,-,17,1,5.9,79,58,73.4,11,3,27.3,NA,NA,"Spring 2012",-,-,2011-12,5,83.3
2012,"North Reading",02170000,35,28,80,101,6,5.9,403,284,70.5,35,30,85.7,2012-13,-,"Spring 2013",NA,NA,2010-11,13,86.7
2012,Norton,02180000,39,29,74.4,100,10,10,477,241,50.5,43,0,0,2010-11,55.6,"Spring 2011",29,87.9,2012-13,NR,NR
2012,Norwell,02190000,41,37,90.2,98,0,0,309,291,94.2,33,2,6.1,2010-11,28.6,"Spring 2011",44,88,2012-13,NR,NR
2012,Norwood,02200000,56,40,71.4,147,3,2,509,306,60.1,61,42,68.9,2012-13,90.9,"Spring 2013",NA,NA,2010-11,7,31.8
2012,"Oak Bluffs",02210000,NA,NA,NA,NA,NA,NA,72,63,87.5,10,0,0,2012-13,-,"Spring 2013",NA,NA,2010-11,NA,NA
2012,Orange,02230000,NA,NA,NA,NA,NA,NA,104,81,77.9,17,1,5.9,2011-12,-,"Spring 2012",-,-,2009-10,NA,NA
2012,Orleans,02240000,NA,NA,NA,NA,NA,NA,46,30,65.2,6,0,0,2013-14,-,"Spring 2012",-,-,2011-12,NA,NA
2012,Oxford,02260000,29,10,34.5,88,13,14.8,271,141,52,38,16,42.1,2013-14,-,"Spring 2012",36,77,2011-12,3,100
2012,Palmer,02270000,37,19,51.4,51,4,7.8,289,112,38.8,32,9,28.1,2011-12,-,"Spring 2012",-,-,2009-10,1,100
2012,Peabody,02290000,107,62,57.9,334,22,6.6,1120,703,62.8,91,24,26.4,NA,NA,"Spring 2011",38,61.3,2012-13,NR,NR
2012,Pelham,02300000,NA,NA,NA,NA,NA,NA,23,21,91.3,0,-,-,NA,NA,"Spring 2012",-,-,2011-12,NA,NA
2012,Pembroke,02310000,33,28,84.8,122,0,0,383,286,74.7,30,7,23.3,2012-13,100,"Spring 2013",NA,NA,2010-11,12,100
2012,Petersham,02340000,NA,NA,NA,NA,NA,NA,14,11,78.6,1,-,-,NA,NA,"Spring 2011",-,-,2012-13,NR,NR
2012,Pittsfield,02360000,115,72,62.6,348,22,6.3,906,546,60.3,135,3,2.2,2013-14,-,"Spring 2012",63,83,2011-12,61,100
2012,Plainville,02380000,NA,NA,NA,NA,NA,NA,94,61,64.9,22,20,90.9,2010-11,84.6,"Spring 2011",12,85.7,2012-13,NR,NR
2012,Plymouth,02390000,132,95,72,434,15,3.5,1466,976,66.6,158,26,16.5,NA,NA,"Spring 2011",63,81.8,2012-13,NR,NR
2012,Plympton,02400000,NA,NA,NA,NA,NA,NA,29,27,93.1,4,-,-,NA,NA,"Spring 2012",-,-,2011-12,NA,NA
2012,Provincetown,02420000,2,-,-,2,-,-,13,12,92.3,1,-,-,2012-13,-,"Spring 2013",NA,NA,2010-11,4,100
2012,Quincy,02430000,140,104,74.3,386,19,4.9,1285,583,45.4,165,51,30.9,2010-11,100,"Spring 2011",51,81,2012-13,NR,NR
2012,Randolph,02440000,56,24,42.9,126,8,6.3,545,345,63.3,95,4,4.2,2013-14,-,"Spring 2012",-,-,2011-12,8,72.7
2012,Reading,02460000,69,64,92.8,238,1,0.4,708,440,62.1,60,7,11.7,2011-12,-,"Spring 2012",60,86,2009-10,15,93.8
2012,Revere,02480000,76,48,63.2,206,26,12.6,946,450,47.6,127,1,0.8,2011-12,-,"Spring 2012",61,88,2009-10,9,81.8
2012,Richmond,02490000,NA,NA,NA,NA,NA,NA,13,7,53.8,0,-,-,2012-13,-,"Spring 2013",NA,NA,2010-11,NA,NA
2012,Rochester,02500000,1,-,-,NA,NA,NA,71,66,93,13,2,15.4,2011-12,-,"Spring 2012",-,-,2009-10,NA,NA
2012,Rockland,02510000,28,18,64.3,58,4,6.9,330,163,49.4,40,0,0,2010-11,47.4,"Spring 2011",14,87.5,2012-13,NR,NR
2012,Rockport,02520000,25,21,84,56,2,3.6,157,122,77.7,17,4,23.5,2011-12,-,"Spring 2012",-,-,2009-10,9,100
2012,Rowe,02530000,NA,NA,NA,NA,NA,NA,9,7,77.8,1,-,-,2011-12,-,"Spring 2012",-,-,2009-10,NA,NA
2012,Salem,02580000,80,50,62.5,304,13,4.3,992,564,56.9,89,5,5.6,2012-13,83.3,"Spring 2013",NA,NA,2010-11,8,80
2012,Sandwich,02610000,58,50,86.2,182,7,3.8,473,344,72.7,21,2,9.5,2011-12,-,"Spring 2012",52,77,2009-10,14,100
2012,Saugus,02620000,27,14,51.9,74,6,8.1,325,195,60,78,29,37.2,2012-13,-,"Spring 2013",NA,NA,2010-11,7,100
2012,Savoy,02630000,NA,NA,NA,NA,NA,NA,4,-,-,1,-,-,2012-13,-,"Spring 2013",NA,NA,2010-11,NA,NA
2012,Scituate,02640000,39,28,71.8,111,2,1.8,385,305,79.2,37,3,8.1,2011-12,-,"Spring 2012",39,87,2009-10,12,100
2012,Seekonk,02650000,35,31,88.6,78,2,2.6,276,131,47.5,20,11,55,2012-13,-,"Spring 2013",NA,NA,2010-11,10,90.9
2012,Sharon,02660000,46,35,76.1,124,0,0,443,332,74.9,55,20,36.4,2012-13,83.3,"Spring 2013",NA,NA,2010-11,13,100
2012,Sherborn,02690000,NA,NA,NA,NA,NA,NA,44,43,97.7,10,1,10,2010-11,-,"Spring 2011",28,100,2012-13,NR,NR
2012,Shrewsbury,02710000,62,53,85.5,218,3,1.4,771,576,74.7,98,7,7.1,2013-14,-,"Spring 2012",127,83,2011-12,41,100
2012,Shutesbury,02720000,NA,NA,NA,NA,NA,NA,20,16,80,3,-,-,2013-14,-,"Spring 2012",-,-,2011-12,NA,NA
2012,Somerset,02730000,2,-,-,NA,NA,NA,256,176,68.8,44,2,4.5,2013-14,-,"Spring 2012",22,67,2011-12,NA,NA
2012,Somerville,02740000,125,77,61.6,261,22,8.4,939,605,64.4,155,65,41.9,2011-12,-,"Spring 2012",51,88,2009-10,3,60
2012,Southampton,02750000,NA,NA,NA,NA,NA,NA,75,65,86.7,20,0,0,NA,NA,"Spring 2011",-,-,2012-13,NR,NR
2012,Southborough,02760000,4,-,-,NA,NA,NA,166,122,73.5,20,0,0,2013-14,-,"Spring 2012",32,91,2011-12,NA,NA
2012,Southbridge,02770000,27,17,63,71,5,7,382,275,72,46,0,0,2013-14,-,"Spring 2012",-,-,2011-12,8,100
2012,"South Hadley",02780000,28,18,64.3,78,1,1.3,241,161,66.8,39,25,64.1,2011-12,-,"Spring 2012",23,79,2009-10,8,72.7
2012,Springfield,02810000,527,195,37,1493,200,13.4,4662,1364,29.3,597,204,34.2,2012-13,88.9,"Spring 2013",NA,NA,2010-11,3,100
2012,Stoneham,02840000,40,31,77.5,108,3,2.8,418,308,73.7,46,23,50,2013-14,-,"Spring 2012",37,73,2011-12,NA,NA
2012,Stoughton,02850000,48,39,81.3,168,4,2.4,593,399,67.3,56,3,5.4,NA,NA,"Spring 2011",18,62.1,2012-13,NR,NR
2012,Sturbridge,02870000,NA,NA,NA,NA,NA,NA,100,64,64,21,0,0,2011-12,-,"Spring 2012",9,75,2009-10,NA,NA
2012,Sudbury,02880000,NA,NA,NA,NA,NA,NA,376,265,70.5,51,22,43.1,2010-11,50,"Spring 2011",58,95.1,2012-13,NR,NR
2012,Sunderland,02890000,NA,NA,NA,NA,NA,NA,17,9,52.9,4,-,-,2011-12,-,"Spring 2012",-,-,2009-10,NA,NA
2012,Sutton,02900000,13,9,69.2,47,0,0,270,201,74.4,37,6,16.2,2011-12,-,"Spring 2012",-,-,2009-10,3,75
2012,Swampscott,02910000,39,34,87.2,74,0,0,242,148,61.2,42,28,66.7,2011-12,-,"Spring 2012",10,83,2009-10,19,90.5
2012,Swansea,02920000,23,20,87,52,3,5.8,214,117,54.7,23,0,0,NA,NA,"Spring 2011",-,-,2012-13,NR,NR
2012,Taunton,02930000,97,43,44.3,239,27,11.3,1286,459,35.7,214,62,29,2010-11,89.2,"Spring 2011",36,70.6,2012-13,NR,NR
2012,Tewksbury,02950000,38,27,71.1,108,0,0,646,313,48.5,93,52,55.9,2012-13,91.7,"Spring 2013",NA,NA,2010-11,9,100
2012,Tisbury,02960000,NA,NA,NA,NA,NA,NA,49,44,89.8,8,0,0,2012-13,-,"Spring 2013",NA,NA,2010-11,NA,NA
2012,Topsfield,02980000,NA,NA,NA,NA,NA,NA,102,61,59.8,18,14,77.8,2013-14,-,"Spring 2012",11,73,2011-12,NA,NA
2012,Truro,03000000,NA,NA,NA,NA,NA,NA,19,16,84.2,3,-,-,2013-14,-,"Spring 2012",-,-,2011-12,NA,NA
2012,Tyngsborough,03010000,12,9,75,39,1,2.6,203,148,72.9,28,26,92.9,2013-14,-,"Spring 2012",75,88,2011-12,5,83.3
2012,Uxbridge,03040000,21,15,71.4,65,4,6.2,248,168,67.7,31,0,0,2013-14,-,"Spring 2012",12,80,2011-12,2,66.7
2012,Wakefield,03050000,59,52,88.1,127,0,0,459,313,68.2,54,1,1.9,2011-12,-,"Spring 2012",-,-,2009-10,21,84
2012,Wales,03060000,NA,NA,NA,NA,NA,NA,19,18,94.7,7,1,14.3,2011-12,-,"Spring 2012",-,-,2009-10,NA,NA
2012,Walpole,03070000,49,38,77.6,NA,NA,NA,557,404,72.5,54,19,35.2,2011-12,-,"Spring 2012",71,84,2009-10,8,80
2012,Waltham,03080000,98,62,63.3,244,20,8.2,909,174,19.1,171,28,16.4,2010-11,64,"Spring 2011",10,71.4,2012-13,NR,NR
2012,Ware,03090000,19,9,47.4,45,3,6.7,176,134,76.1,43,0,0,2013-14,-,"Spring 2012",30,83,2011-12,5,71.4
2012,Wareham,03100000,66,41,62.1,154,18,11.7,531,294,55.4,82,13,15.9,2011-12,-,"Spring 2012",-,-,2009-10,9,60
2012,Watertown,03140000,39,29,74.4,99,1,1,469,302,64.4,65,10,15.4,2010-11,48.4,"Spring 2011",11,100,2012-13,NR,NR
2012,Wayland,03150000,53,49,92.5,NA,NA,NA,503,438,87.1,34,6,17.6,2013-14,-,"Spring 2012",48,86,2011-12,33,100
2012,Webster,03160000,21,11,52.4,53,7,13.2,307,218,71,52,1,1.9,NA,NA,"Spring 2011",-,-,2012-13,NR,NR
2012,Wellesley,03170000,62,57,91.9,187,2,1.1,760,560,73.7,103,48,46.6,2013-14,-,"Spring 2012",114,85,2011-12,15,100
2012,Wellfleet,03180000,NA,NA,NA,NA,NA,NA,11,2,18.2,7,0,0,2013-14,-,"Spring 2012",-,-,2011-12,NA,NA
2012,Westborough,03210000,39,36,92.3,118,3,2.5,451,238,52.8,69,8,11.6,2012-13,85.7,"Spring 2013",NA,NA,2010-11,5,100
2012,"West Boylston",03220000,11,5,45.5,31,1,3.2,123,51,41.5,20,2,10,2012-13,-,"Spring 2013",NA,NA,2010-11,3,100
2012,"West Bridgewater",03230000,17,15,88.2,38,0,0,129,97,75.2,15,10,66.7,2012-13,-,"Spring 2013",NA,NA,2010-11,5,100
2012,Westfield,03250000,91,59,64.8,304,14,4.6,944,423,44.8,103,5,4.9,2013-14,-,"Spring 2012",101,82,2011-12,32,94.1
2012,Westford,03260000,42,38,90.5,140,0,0,515,351,68.2,54,42,77.8,2011-12,-,"Spring 2012",-,-,2009-10,5,83.3
2012,Westhampton,03270000,NA,NA,NA,NA,NA,NA,23,15,65.2,5,-,-,NA,NA,"Spring 2011",-,-,2012-13,NR,NR
2012,Weston,03300000,31,25,80.6,NA,NA,NA,315,265,84.1,29,15,51.7,2013-14,-,"Spring 2012",84,77,2011-12,6,85.7
2012,Westport,03310000,19,11,57.9,64,5,7.8,219,159,72.6,26,0,0,2011-12,-,"Spring 2012",27,82,2009-10,NA,NA
2012,"West Springfield",03320000,57,31,54.4,211,13,6.2,759,289,38.1,80,0,0,2012-13,64.3,"Spring 2013",NA,NA,2010-11,19,95
2012,Westwood,03350000,46,42,91.3,137,0,0,509,378,74.3,35,18,51.4,2013-14,-,"Spring 2012",-,-,2011-12,9,100
2012,Weymouth,03360000,101,70,69.3,292,0,0,1048,543,51.8,152,7,4.6,2012-13,92.3,"Spring 2013",NA,NA,2010-11,18,78.3
2012,Whately,03370000,NA,NA,NA,NA,NA,NA,9,7,77.8,2,-,-,2011-12,-,"Spring 2012",-,-,2009-10,NA,NA
2012,Williamsburg,03400000,NA,NA,NA,NA,NA,NA,14,10,71.4,4,-,-,NA,NA,"Spring 2011",-,-,2012-13,NR,NR
2012,Williamstown,03410000,NA,NA,NA,NA,NA,NA,39,30,76.9,10,0,0,2012-13,-,"Spring 2013",NA,NA,2010-11,NA,NA
2012,Wilmington,03420000,34,23,67.6,104,6,5.8,540,360,66.7,69,33,47.8,2012-13,73.3,"Spring 2013",NA,NA,2010-11,19,90.5
2012,Winchendon,03430000,24,12,50,65,3,4.6,246,131,53.3,33,2,6.1,2013-14,-,"Spring 2012",15,79,2011-12,14,60.9
2012,Winchester,03440000,48,43,89.6,172,1,0.6,680,584,85.9,53,0,0,2011-12,-,"Spring 2012",-,-,2009-10,6,75
2012,Winthrop,03460000,30,17,56.7,79,2,2.5,318,102,32.1,38,2,5.3,2011-12,-,"Spring 2012",14,78,2009-10,6,100
2012,Woburn,03470000,65,45,69.2,212,13,6.1,767,469,61.1,67,0,0,2009-10,100,"Spring 2011",-,-,2012-13,NR,NR
2012,Worcester,03480000,468,265,56.6,1404,0,0,4443,1998,45,722,476,65.9,2013-14,100,"Spring 2012",271,86,2011-12,134,93.1
2012,Wrentham,03500000,NA,NA,NA,NA,NA,NA,157,136,86.6,35,10,28.6,2011-12,-,"Spring 2012",-,-,2009-10,NA,NA
2012,"Northampton-Smith Vocational Agricultural",04060000,48,44,91.7,174,3,1.7,174,174,100,0,-,-,NA,NA,"Spring 2013",NA,NA,2010-11,23,76.7
2012,"Alma del Mar Charter School (District)",04090000,NA,NA,NA,NA,NA,NA,5,-,-,1,-,-,NA,NA,"Spring 2011",NA,NA,2012-13,NR,NR
2012,"Excel Academy Charter (District)",04100000,NA,NA,NA,NA,NA,NA,30,30,100,0,-,-,NA,NA,"Spring 2013",NA,NA,2010-11,NA,NA
2012,"Boston Green Academy Horace Mann Charter School (Dist",04110000,17,10,58.8,82,0,0,82,12,14.6,0,-,-,NA,NA,"Spring 2012",-,-,2012-13,NR,NR
2012,"Academy Of the Pacific Rim Charter Public (District)",04120000,7,6,85.7,37,3,8.1,94,93,98.9,0,-,-,NA,NA,"Spring 2011",12,92.3,2012-13,NR,NR
2012,"Four Rivers Charter Public (District)",04130000,5,-,-,NA,NA,NA,33,32,97,0,-,-,NA,NA,"Spring 2011",-,-,2012-13,NR,NR
2012,"Berkshire Arts and Technology Charter Public (Distric",04140000,6,4,66.7,21,0,0,55,36,65.5,0,-,-,NA,NA,"Spring 2012",-,-,2011-12,2,100
2012,"Amesbury Academy Charter Public (District)",04150000,11,4,36.4,21,1,4.8,21,12,57.1,0,-,-,NA,NA,"Spring 2013",NA,NA,2010-11,4,100
2012,"Boston Preparatory Charter Public (District)",04160000,3,-,-,28,0,0,53,53,100,0,-,-,NA,NA,"Spring 2013",NA,NA,2011-12,1,50
2012,"Bridge Boston Charter School (District)",04170000,NA,NA,NA,NA,NA,NA,1,-,-,3,-,-,2013-14,-,"Spring 2012",-,-,2011-12,NA,NA
2012,"Christa McAuliffe Regional Charter Public (District)",04180000,NA,NA,NA,NA,NA,NA,76,65,85.5,0,-,-,NA,NA,"Spring 2011",-,-,2012-13,NR,NR
2012,"Smith Leadership Academy Charter Public (District)",04190000,NA,NA,NA,NA,NA,NA,29,21,72.4,0,-,-,NA,NA,"Spring 2011",-,-,2012-13,NR,NR
2012,"Benjamin Banneker Charter Public (District)",04200000,NA,NA,NA,NA,NA,NA,34,34,100,2,-,-,NA,NA,"Spring 2011",-,-,2012-13,NR,NR
2012,"Barnstable Horace Mann Charter (District)",04230000,NA,NA,NA,NA,NA,NA,114,73,64,0,-,-,NA,NA,"Spring 2011",-,-,2010-11,NA,NA
2012,"Boston Day and Evening Academy Charter (District)",04240000,21,3,14.3,40,4,10,40,40,100,0,-,-,NA,NA,"Spring 2011",-,-,2012-13,NR,NR
2012,"Barnstable Community Horace Mann Charter Public (Dist",04270000,NA,NA,NA,NA,NA,NA,26,26,100,4,-,-,NA,NA,"Spring 2011",-,-,2012-13,NR,NR
2012,"Edward Brooke Charter (District)",04280000,NA,NA,NA,NA,NA,NA,33,32,97,2,-,-,NA,NA,"Spring 2012",-,-,2011-12,NA,NA
2012,"KIPP Academy Lynn Charter (District)",04290000,NA,NA,NA,10,0,0,61,49,80.3,0,-,-,2011-12,NA,"Spring 2012",-,-,2009-10,NA,NA
2012,"Advanced Math and Science Academy Charter (District)",04300000,3,-,-,NA,NA,NA,40,38,95,0,-,-,NA,NA,"Spring 2012",11,69,2011-12,7,100
2012,"Cape Cod Lighthouse Charter (District)",04320000,NA,NA,NA,NA,NA,NA,28,18,64.3,0,-,-,NA,NA,"Spring 2012",9,82,2011-12,NA,NA
2012,"Innovation Academy Charter (District)",04350000,6,4,66.7,51,0,0,132,131,99.2,0,-,-,NA,NA,"Spring 2011",14,100,2012-13,NR,NR
2012,"Community Charter School of Cambridge (District)",04360000,2,-,-,31,0,0,57,56,98.2,0,-,-,2011-12,NA,"Spring 2012",-,-,2011-12,2,100
2012,"City On A Hill Charter Public (District)",04370000,13,5,38.5,51,1,2,51,32,62.7,0,-,-,NA,NA,"Spring 2011",-,-,2012-13,NR,NR
2012,"Codman Academy Charter Public (District)",04380000,5,-,-,34,2,5.9,34,30,88.2,0,-,-,NA,NA,"Spring 2013",NA,NA,2010-11,2,100
2012,"Conservatory Lab Charter (District)",04390000,NA,NA,NA,NA,NA,NA,13,11,84.6,3,-,-,NA,NA,"Spring 2011",-,-,2012-13,NR,NR
2012,"Community Day Charter Public (District)",04400000,NA,NA,NA,NA,NA,NA,44,43,97.7,2,-,-,NA,NA,"Spring 2012",-,-,2011-12,NA,NA
2012,"Sabis International Charter (District)",04410000,14,10,71.4,64,0,0,205,30,14.6,0,-,-,NA,NA,"Spring 2012",-,-,2011-12,9,100
2012,"Edward W. Brooke Charter School 2 (District)",04430000,NA,NA,NA,NA,NA,NA,16,12,75,0,-,-,NA,NA,"Spring 2012",-,-,2011-12,NA,NA
2012,"Neighborhood House Charter (District)",04440000,NA,NA,NA,NA,NA,NA,54,46,85.2,2,-,-,2013-14,-,"Spring 2012",-,-,2011-12,NA,NA
2012,"Abby Kelley Foster Charter Public (District)",04450000,12,10,83.3,33,0,0,154,149,96.8,6,0,0,NA,NA,"Spring 2013",NA,NA,2010-11,5,100
2012,"Foxborough Regional Charter (District)",04460000,5,-,-,20,1,5,121,120,99.2,2,-,-,NA,NA,"Spring 2011",8,61.5,2012-13,NR,NR
2012,"Benjamin Franklin Classical Charter Public (District)",04470000,NA,NA,NA,NA,NA,NA,29,29,100,2,-,-,2011-12,NA,"Spring 2012",14,88,2009-10,NA,NA
2012,"Gloucester Community Arts Charter (District)",04480000,NA,NA,NA,NA,NA,NA,32,32,100,0,-,-,NA,NA,"Spring 2012",-,-,2012-13,NR,NR
2012,"Boston Collegiate Charter (District)",04490000,10,4,40,30,2,6.7,94,72,76.6,0,-,-,NA,NA,"Spring 2011",-,-,2012-13,NR,NR
2012,"Hilltown Cooperative Charter Public (District)",04500000,NA,NA,NA,NA,NA,NA,25,25,100,0,-,-,NA,NA,"Spring 2013",NA,NA,2010-11,NA,NA
2012,"Edward M. Kennedy Academy for Health Careers (Horace",04520000,8,7,87.5,NA,NA,NA,21,21,100,0,-,-,NA,NA,"Spring 2012",-,-,2010-11,1,100
2012,"Holyoke Community Charter (District)",04530000,NA,NA,NA,NA,NA,NA,62,14,22.6,4,-,-,NA,NA,"Spring 2012",-,-,2011-12,NA,NA
2012,"Lawrence Family Development Charter (District)",04540000,NA,NA,NA,NA,NA,NA,27,27,100,2,-,-,NA,NA,"Spring 2011",-,-,2012-13,NR,NR
2012,"Hill View Montessori Charter Public (District)",04550000,NA,NA,NA,NA,NA,NA,61,60,98.4,0,-,-,NA,NA,"Spring 2013",NA,NA,2010-11,NA,NA
2012,"Lowell Community Charter Public (District)",04560000,NA,NA,NA,NA,NA,NA,90,90,100,6,0,0,NA,NA,"Spring 2012",21,88,2011-12,NA,NA
2012,"Lowell Middlesex Academy Charter (District)",04580000,11,2,18.2,34,12,35.3,34,29,85.3,0,-,-,NA,NA,"Spring 2011",-,-,2012-13,NR,NR
2012,"Excel Academy Charter School - Chelsea (District)",04610000,NA,NA,NA,NA,NA,NA,5,-,-,0,-,-,NA,NA,"Spring 2012",NA,NA,2010-11,NA,NA
2012,"Grove Hall Preparatory Charter School (District)",04620000,NA,NA,NA,NA,NA,NA,10,10,100,0,-,-,2011-12,NA,"Spring 2012",-,-,2011-12,NA,NA
2012,"Marblehead Community Charter Public (District)",04640000,NA,NA,NA,NA,NA,NA,37,37,100,0,-,-,2011-12,NA,"Spring 2012",-,-,2009-10,NA,NA
2012,"MATCH Community Day Charter Public School (District)",04650000,NA,NA,NA,NA,NA,NA,8,7,87.5,2,-,-,NA,NA,"Spring 2012",NA,NA,2012-13,NR,NR
2012,"Martha's Vineyard Charter (District)",04660000,5,-,-,10,0,0,31,22,71,0,-,-,2011-12,NA,"Spring 2012",-,-,2009-10,4,100
2012,"Salem Community Charter School (District)",04670000,3,-,-,19,7,36.8,19,10,52.6,0,-,-,2011-12,NA,"Spring 2012",-,-,2009-10,NA,NA
2012,"Ma Academy for Math and Science",04680000,0,-,-,NA,NA,NA,0,-,-,0,-,-,NA,NA,"Spring 2012",-,-,2011-12,NA,NA
2012,"MATCH Charter Public School (District)",04690000,10,0,0,36,0,0,82,78,95.1,0,-,-,NA,NA,"Spring 2011",-,-,2012-13,NR,NR
2012,"Mystic Valley Regional Charter (District)",04700000,10,9,90,29,1,3.4,158,158,100,7,0,0,NA,NA,"Spring 2011",63,95.5,2012-13,NR,NR
2012,"New Leadership Charter (District)",04710000,2,-,-,23,0,0,47,19,40.4,0,-,-,NA,NA,"Spring 2011",-,-,2012-13,NR,NR
2012,"North Central Charter Essential (District)",04740000,7,4,57.1,58,1,1.7,78,70,89.7,0,-,-,2011-12,NA,"Spring 2012",-,-,2009-10,1,100
2012,"Dorchester Collegiate Academy Charter (District)",04750000,NA,NA,NA,NA,NA,NA,11,11,100,0,-,-,NA,NA,"Spring 2012",-,-,2011-12,NA,NA
2012,"Spirit of Knowledge Charter School (District)",04760000,NA,NA,NA,7,1,14.3,22,17,77.3,0,-,-,NA,NA,"Spring 2013",NA,NA,2011-12,NA,NA
2012,"Silver Hill Horace Mann Charter (District)",04770000,NA,NA,NA,NA,NA,NA,83,16,19.3,3,-,-,2011-12,NA,"Spring 2012",-,-,2009-10,NA,NA
2012,"Francis W. Parker Charter Essential (District)",04780000,10,7,70,43,1,2.3,71,67,94.4,0,-,-,NA,NA,"Spring 2013",NA,NA,2010-11,4,100
2012,"Pioneer Valley Performing Arts Charter Public (Distri",04790000,8,8,100,30,1,3.3,30,26,86.7,0,-,-,NA,NA,"Spring 2013",NA,NA,2010-11,9,100
2012,"UP Academy Charter School of Boston (District)",04800000,NA,NA,NA,NA,NA,NA,135,108,80,0,-,-,2011-12,NA,"Spring 2012",-,-,2009-10,NA,NA
2012,"Boston Renaissance Charter Public (District)",04810000,NA,NA,NA,NA,NA,NA,107,67,62.6,3,-,-,NA,NA,"Spring 2011",-,-,2012-13,NR,NR
2012,"River Valley Charter (District)",04820000,NA,NA,NA,NA,NA,NA,40,40,100,4,-,-,2011-12,NA,"Spring 2012",-,-,2009-10,NA,NA
2012,"Rising Tide Charter Public (District)",04830000,NA,NA,NA,NA,NA,NA,54,51,94.4,0,-,-,2011-12,NA,"Spring 2012",-,-,2009-10,NA,NA
2012,"Roxbury Preparatory Charter (District)",04840000,NA,NA,NA,NA,NA,NA,36,36,100,0,-,-,NA,NA,"Spring 2011",-,-,2012-13,NR,NR
2012,"Salem Academy Charter (District)",04850000,6,6,100,23,1,4.3,51,51,100,0,-,-,NA,NA,"Spring 2011",-,-,2012-13,NR,NR
2012,"Seven Hills Charter Public (District)",04860000,NA,NA,NA,NA,NA,NA,54,36,66.7,4,-,-,2011-12,NA,"Spring 2012",-,-,2009-10,NA,NA
2012,"Prospect Hill Academy Charter (District)",04870000,4,-,-,34,0,0,141,129,91.5,3,-,-,2011-12,-,"Spring 2012",-,-,2009-10,2,100
2012,"South Shore Charter Public (District)",04880000,4,-,-,28,0,0,65,58,89.2,1,-,-,2011-12,NA,"Spring 2012",14,100,2009-10,3,100
2012,"Sturgis Charter Public (District)",04890000,11,8,72.7,55,2,3.6,55,55,100,0,-,-,NA,NA,"Spring 2013",NA,NA,2010-11,14,100
2012,"Atlantis Charter (District)",04910000,NA,NA,NA,NA,NA,NA,88,72,81.8,1,-,-,NA,NA,"Spring 2011",-,-,2012-13,NR,NR
2012,"Martin Luther King Jr. Charter School of Excellence (",04920000,NA,NA,NA,NA,NA,NA,37,34,91.9,2,-,-,NA,NA,"Spring 2011",-,-,2012-13,NR,NR
2012,"Phoenix Charter Academy (District)",04930000,10,3,30,30,7,23.3,30,25,83.3,0,-,-,NA,NA,"Spring 2012",-,-,2011-12,3,100
2012,"Pioneer Charter School of Science (District)",04940000,2,-,-,NA,NA,NA,24,21,87.5,0,-,-,2011-12,NA,"Spring 2012",-,-,2009-10,NA,NA
2012,"Global Learning Charter Public (District)",04960000,4,-,-,12,0,0,60,59,98.3,0,-,-,NA,NA,"Spring 2012",14,88,2011-12,1,25
2012,"Pioneer Valley Chinese Immersion Charter(District)",04970000,NA,NA,NA,NA,NA,NA,10,9,90,1,-,-,NA,NA,"Spring 2011",-,-,2012-13,NR,NR
2012,"Hampden Charter School of Science (District)",04990000,1,-,-,NA,NA,NA,34,28,82.4,0,-,-,2011-12,NA,"Spring 2012",-,-,2009-10,NA,NA
2012,Acton-Boxborough,06000000,87,67,77,253,1,0.4,442,314,71,0,-,-,NA,NA,"Spring 2011",-,-,2012-13,NR,NR
2012,Adams-Cheshire,06030000,13,8,61.5,56,2,3.6,225,117,52,34,0,0,2013-14,-,"Spring 2012",33,83,2011-12,7,100
2012,Amherst-Pelham,06050000,74,52,70.3,203,9,4.4,319,158,49.5,0,-,-,NA,NA,"Spring 2012",50,77,2011-12,23,88.5
2012,Ashburnham-Westminster,06100000,35,30,85.7,76,3,3.9,361,260,72,33,12,36.4,2013-14,-,"Spring 2012",47,87,2011-12,1,50
2012,Athol-Royalston,06150000,43,17,39.5,101,14,13.9,372,230,61.8,30,8,26.7,2009-10,78.6,"Spring 2011",12,100,2012-13,NR,NR
2012,"Ayer Shirley School District",06160000,10,7,70,35,0,0,290,185,63.8,37,0,0,2012-13,-,"Spring 2012",NA,NA,2010-11,NA,NA
2012,"Berkshire Hills",06180000,21,16,76.2,60,0,0,165,124,75.2,15,0,0,2011-12,-,"Spring 2012",-,-,2009-10,4,100
2012,Berlin-Boylston,06200000,6,4,66.7,NA,NA,NA,72,39,54.2,0,-,-,NA,NA,"Spring 2013",NA,NA,2010-11,3,100
2012,Blackstone-Millville,06220000,27,13,48.1,70,1,1.4,295,133,45.1,36,21,58.3,2010-11,52.9,"Spring 2011",12,60,2012-13,NR,NR
2012,Bridgewater-Raynham,06250000,77,67,87,173,0,0,771,572,74.2,103,2,1.9,2011-12,-,"Spring 2012",45,75,2009-10,10,83.3
2012,Chesterfield-Goshen,06320000,NA,NA,NA,NA,NA,NA,14,14,100,4,-,-,NA,NA,"Spring 2011",-,-,2012-13,NR,NR
2012,"Central Berkshire",06350000,37,28,75.7,60,2,3.3,247,200,81,26,3,11.5,2012-13,-,"Spring 2013",NA,NA,2010-11,17,94.4
2012,Concord-Carlisle,06400000,69,56,81.2,178,7,3.9,217,94,43.3,0,-,-,NA,NA,"Spring 2012",30,97,2011-12,8,100
2012,Dennis-Yarmouth,06450000,39,23,59,99,3,3,460,288,62.6,55,4,7.3,2013-14,50,"Spring 2012",-,-,2011-12,29,100
2012,Dighton-Rehoboth,06500000,42,37,88.1,114,3,2.6,409,340,83.1,48,12,25,2011-12,-,"Spring 2012",-,-,2009-10,34,82.9
2012,Dover-Sherborn,06550000,27,23,85.2,71,2,2.8,164,123,75,0,-,-,NA,NA,"Spring 2011",-,-,2012-13,NR,NR
2012,"Dudley-Charlton Reg",06580000,47,36,76.6,93,5,5.4,460,259,56.3,70,32,45.7,2013-14,-,"Spring 2012",30,83,2011-12,3,15.8
2012,Nauset,06600000,45,38,84.4,111,2,1.8,228,97,42.5,0,-,-,2010-11,83.3,"Spring 2012",22,85,2011-12,8,100
2012,"Farmington River Reg",06620000,NA,NA,NA,NA,NA,NA,16,8,50,4,-,-,2011-12,-,"Spring 2012",-,-,2009-10,NA,NA
2012,Freetown-Lakeville,06650000,45,36,80,116,3,2.6,467,265,56.7,41,1,2.4,2012-13,100,"Spring 2013",NA,NA,2011-12,19,82.6
2012,Frontier,06700000,41,28,68.3,74,3,4.1,133,34,25.6,0,-,-,2011-12,NA,"Spring 2012",-,-,2011-12,11,100
2012,Gateway,06720000,18,8,44.4,31,6,19.4,128,97,75.8,21,0,0,2011-12,-,"Spring 2012",14,93,2009-10,0,0
2012,Groton-Dunstable,06730000,22,16,72.7,65,1,1.5,330,246,74.5,51,43,84.3,2011-12,-,"Spring 2012",25,78,2009-10,14,100
2012,Gill-Montague,06740000,26,9,34.6,60,3,5,206,95,46.1,10,1,10,2011-12,-,"Spring 2012",-,-,2009-10,0,0
2012,Hamilton-Wenham,06750000,38,34,89.5,77,1,1.3,276,179,64.9,16,14,87.5,2013-14,-,"Spring 2012",54,81,2011-12,10,100
2012,Hampden-Wilbraham,06800000,75,63,84,184,2,1.1,579,286,49.4,28,2,7.1,2013-14,-,"Spring 2012",68,76,2011-12,23,95.8
2012,Hampshire,06830000,26,22,84.6,72,4,5.6,141,42,29.8,0,-,-,NA,NA,"Spring 2011",13,86.7,2012-13,NR,NR
2012,Hawlemont,06850000,NA,NA,NA,NA,NA,NA,21,12,57.1,4,-,-,2011-12,-,"Spring 2012",-,-,2009-10,NA,NA
2012,"King Philip",06900000,60,44,73.3,130,0,0,274,130,47.4,0,-,-,2010-11,92.3,"Spring 2012",16,76,2011-12,19,100
2012,Lincoln-Sudbury,06950000,75,66,88,261,2,0.8,311,0,0,0,-,-,NA,NA,"Spring 2011",-,-,2012-13,NR,NR
2012,"Manchester Essex Regional",06980000,21,17,81,73,1,1.4,220,168,76.4,17,0,0,NA,NA,"Spring 2011",26,74.3,2012-13,NR,NR
2012,"Marthas Vineyard",07000000,56,52,92.9,162,3,1.9,171,130,76,0,-,-,NA,NA,"Spring 2013",NA,NA,2010-11,38,97.4
2012,Masconomet,07050000,71,64,90.1,146,0,0,293,165,56.3,0,-,-,2010-11,60.9,"Spring 2013",NA,NA,2010-11,15,100
2012,Mendon-Upton,07100000,19,15,78.9,72,1,1.4,309,158,51.1,36,2,5.6,2011-12,-,"Spring 2012",-,-,2009-10,11,100
2012,"Mount Greylock",07150000,17,15,88.2,44,5,11.4,76,43,56.6,0,-,-,NA,NA,"Spring 2013",NA,NA,2010-11,11,100
2012,"Mohawk Trail",07170000,20,8,40,60,3,5,203,87,42.9,20,0,0,2011-12,-,"Spring 2012",10,83,2009-10,11,100
2012,Narragansett,07200000,17,12,70.6,48,0,0,223,182,81.6,11,1,9.1,2013-14,-,"Spring 2012",-,-,2011-12,1,100
2012,Nashoba,07250000,26,22,84.6,85,2,2.4,362,245,67.7,37,18,48.6,2011-12,-,"Spring 2012",112,93,2009-10,15,88.2
2012,"New Salem-Wendell",07280000,NA,NA,NA,NA,NA,NA,18,17,94.4,4,-,-,2013-14,-,"Spring 2012",-,-,2011-12,NA,NA
2012,Northboro-Southboro,07300000,41,31,75.6,137,3,2.2,149,107,71.8,0,-,-,NA,NA,"Spring 2012",49,82,2011-12,12,100
2012,"North Middlesex",07350000,46,33,71.7,127,6,4.7,604,373,61.8,74,0,0,NA,NA,"Spring 2011",39,79.6,2012-13,NR,NR
2012,"Old Rochester",07400000,37,33,89.2,66,0,0,138,126,91.3,0,-,-,2011-12,-,"Spring 2012",-,-,2009-10,6,85.7
2012,Pentucket,07450000,47,35,74.5,125,7,5.6,496,367,74,56,3,5.4,2012-13,-,"Spring 2013",NA,NA,2010-11,5,100
2012,"Pioneer Valley",07500000,13,10,76.9,37,1,2.7,152,129,84.9,19,1,5.3,2013-14,-,"Spring 2012",-,-,2011-12,16,100
2012,Quabbin,07530000,27,21,77.8,80,2,2.5,370,243,65.7,49,16,32.7,2012-13,100,"Spring 2013",NA,NA,2010-11,11,100
2012,"Ralph C Mahar",07550000,34,22,64.7,73,7,9.6,139,89,64,0,-,-,NA,NA,"Spring 2012",-,-,2011-12,14,93.3
2012,"Silver Lake",07600000,42,39,92.9,164,1,0.6,262,154,58.8,36,1,2.8,2013-14,-,"Spring 2012",32,89,2011-12,5,83.3
2012,"Somerset Berkley Regional School District",07630000,16,13,81.3,76,1,1.3,102,70,68.6,0,-,-,NA,NA,"Spring 2012",-,-,2011-12,5,45.5
2012,"Southern Berkshire",07650000,21,18,85.7,66,1,1.5,143,102,71.3,6,0,0,2013-14,-,"Spring 2012",-,-,2011-12,5,100
2012,Southwick-Tolland,07660000,29,23,79.3,69,1,1.4,261,196,75.1,18,16,88.9,2012-13,-,"Spring 2013",NA,NA,2010-11,4,40
2012,"Spencer-E Brookfield",07670000,28,15,53.6,64,1,1.6,365,270,74,52,3,5.8,2010-11,92,"Spring 2011",17,65.4,2012-13,NR,NR
2012,Tantasqua,07700000,52,40,76.9,129,4,3.1,232,115,49.6,0,-,-,2011-12,NA,"Spring 2012",26,84,2009-10,3,37.5
2012,Triton,07730000,24,21,87.5,112,4,3.6,400,311,77.8,47,3,6.4,2013-14,-,"Spring 2012",-,-,2011-12,3,100
2012,"Up-Island Regional",07740000,NA,NA,NA,NA,NA,NA,60,47,78.3,3,-,-,2012-13,-,"Spring 2013",NA,NA,2010-11,NA,NA
2012,Wachusett,07750000,85,63,74.1,233,2,0.9,969,670,69.1,106,1,0.9,2011-12,-,"Spring 2012",119,86,2009-10,20,95.2
2012,"Quaboag Regional",07780000,21,7,33.3,49,8,16.3,247,183,74.1,27,17,63,2010-11,57.9,"Spring 2011",6,50,2012-13,NR,NR
2012,Whitman-Hanson,07800000,63,50,79.4,177,2,1.1,573,409,71.4,57,40,70.2,2012-13,43.8,"Spring 2013",NA,NA,2010-11,NA,NA
2012,"Assabet Valley Regional Vocational Technical",08010000,72,65,90.3,283,4,1.4,283,281,99.3,0,-,-,2011-12,NA,"Spring 2012",-,-,2009-10,31,75.6
2012,"Blackstone Valley Regional Vocational Technical",08050000,29,27,93.1,119,0,0,119,70,58.8,0,-,-,NA,NA,"Spring 2013",NA,NA,2010-11,13,92.9
2012,"Blue Hills Regional Vocational Technical",08060000,47,46,97.9,174,1,0.6,174,151,86.8,0,-,-,NA,NA,"Spring 2012",-,-,2011-12,23,100
2012,"Bristol-Plymouth Regional Vocational Technical",08100000,48,43,89.6,175,0,0,175,174,99.4,0,-,-,NA,NA,"Spring 2011",-,-,2012-13,NR,NR
2012,"Cape Cod Regional Vocational Technical",08150000,57,44,77.2,186,2,1.1,187,136,72.7,0,-,-,NA,NA,"Spring 2011",-,-,2012-13,NR,NR
2012,"Franklin County Regional Vocational Technical",08180000,41,34,82.9,128,2,1.6,128,0,0,0,-,-,NA,NA,"Spring 2011",-,-,2012-13,NR,NR
2012,"Greater Fall River Regional Vocational Technical",08210000,41,37,90.2,143,0,0,143,5,3.5,0,-,-,2011-12,NA,"Spring 2012",11,100,2009-10,7,63.6
2012,"Greater Lawrence Regional Vocational Technical",08230000,66,59,89.4,288,12,4.2,288,208,72.2,0,-,-,NA,NA,"Spring 2011",-,-,2012-13,NR,NR
2012,"Greater New Bedford Regional Vocational Technical",08250000,40,32,80,200,7,3.5,200,171,85.5,0,-,-,2011-12,NA,"Spring 2012",-,-,2009-10,18,100
2012,"Greater Lowell Regional Vocational Technical",08280000,114,91,79.8,470,6,1.3,489,423,86.5,0,-,-,NA,NA,"Spring 2012",43,92,2011-12,3,100
2012,"South Middlesex Regional Vocational Technical",08290000,68,59,86.8,301,6,2,301,222,73.8,0,-,-,NA,NA,"Spring 2013",NA,NA,2010-11,34,91.9
2012,"Minuteman Regional Vocational Technical",08300000,78,68,87.2,304,4,1.3,304,303,99.7,0,-,-,NA,NA,"Spring 2012",30,73,2011-12,12,100
2012,"Montachusett Regional Vocational Technical",08320000,50,46,92,224,1,0.4,224,224,100,0,-,-,NA,NA,"Spring 2011",18,90,2012-13,NR,NR
2012,"Northern Berkshire Regional Vocational Technical",08510000,21,21,100,84,1,1.2,84,32,38.1,0,-,-,2011-12,NA,"Spring 2012",-,-,2009-10,11,68.8
2012,"Nashoba Valley Regional Vocational Technical",08520000,58,57,98.3,247,1,0.4,247,227,91.9,0,-,-,NA,NA,"Spring 2012",11,92,2011-12,1,100
2012,"Northeast Metropolitan Regional Vocational Technical",08530000,94,83,88.3,326,5,1.5,326,275,84.4,0,-,-,NA,NA,"Spring 2011",12,85.7,2012-13,NR,NR
2012,"North Shore Regional Vocational Technical",08540000,36,36,100,140,0,0,140,131,93.6,0,-,-,NA,NA,"Spring 2011",71,94.7,2012-13,NR,NR
2012,"Old Colony Regional Vocational Technical",08550000,28,27,96.4,125,0,0,125,124,99.2,0,-,-,NA,NA,"Spring 2013",NA,NA,2010-11,22,91.7
2012,"Pathfinder Regional Vocational Technical",08600000,46,31,67.4,198,6,3,206,78,37.9,0,-,-,NA,NA,"Spring 2013",NA,NA,2010-11,22,91.7
2012,"Shawsheen Valley Regional Vocational Technical",08710000,78,75,96.2,344,0,0,344,264,76.7,0,-,-,2011-12,NA,"Spring 2012",19,100,2009-10,63,87.5
2012,"Southeastern Regional Vocational Technical",08720000,81,63,77.8,304,10,3.3,304,274,90.1,0,-,-,NA,NA,"Spring 2011",-,-,2012-13,NR,NR
2012,"South Shore Regional Vocational Technical",08730000,48,44,91.7,176,1,0.6,177,72,40.7,0,-,-,2011-12,NA,"Spring 2012",-,-,2009-10,31,88.6
2012,"Southern Worcester County Regional Vocational Technic",08760000,51,44,86.3,223,0,0,223,157,70.4,0,-,-,NA,NA,"Spring 2013",NA,NA,2010-11,33,94.3
2012,"Tri County Regional Vocational Technical",08780000,65,64,98.5,284,1,0.4,284,282,99.3,0,-,-,NA,NA,"Spring 2013",NA,NA,2010-11,26,92.9
2012,"Upper Cape Cod Regional Vocational Technical",08790000,38,38,100,122,0,0,122,105,86.1,0,-,-,NA,NA,"Spring 2012",-,-,2011-12,1,100
2012,"Whittier Regional Vocational Technical",08850000,78,78,100,285,2,0.7,285,215,75.4,0,-,-,NA,NA,"Spring 2013",NA,NA,2010-11,29,100
2012,"Bristol County Agricultural",09100000,13,13,100,NA,NA,NA,44,44,100,0,-,-,NA,NA,"Spring 2013",NA,NA,2010-11,6,100
2012,"Essex Agricultural Technical",09130000,26,25,96.2,67,1,1.5,67,61,91,0,-,-,NA,NA,"Spring 2013",NA,NA,2010-11,11,78.6
2012,"Norfolk County Agricultural",09150000,22,22,100,NA,NA,NA,61,61,100,0,-,-,NA,NA,"Spring 2012",-,-,2011-12,3,100
2013,Abington,00010000,20,16,80,70,2,2.9,272,174,64,21,4,19,2012-13,-,"Spring 2013",11,73.2,2010-11,8,100
2013,Acton,00020000,NA,NA,NA,0,-,-,335,286,85.4,60,16,26.7,2010-11,86.7,"Spring 2011",-,-,2012-13,NR,NR
2013,Acushnet,00030000,2,-,-,0,-,-,170,127,74.7,23,11,47.8,2013-14,100,"Spring 2012",-,-,2011-12,NA,NA
2013,Agawam,00050000,59,44,74.6,156,4,2.6,555,327,58.9,78,53,67.9,2011-12,-,"Spring 2012",93,82,2009-10,14,100
2013,Amesbury,00070000,21,11,52.4,103,0,0,401,264,65.8,49,34,69.4,2012-13,76.9,"Spring 2013",-,-,2010-11,7,87.5
2013,Amherst,00080000,NA,NA,NA,0,-,-,198,107,54,37,31,83.8,2013-14,84.2,"Spring 2012",39,80,2011-12,NA,NA
2013,Andover,00090000,85,68,80,229,0,0,976,629,64.4,89,2,2.2,2011-12,-,"Spring 2012",-,-,2009-10,35,94.6
2013,Arlington,00100000,62,49,79,153,1,0.7,660,469,71.1,88,24,27.3,2014-15,-,"Spring 2011",12,40,2012-13,18,100
2013,Ashland,00140000,39,30,76.9,88,5,5.7,346,295,85.3,34,16,47.1,2011-12,-,"Spring 2012",34,81,2009-10,6,100
2013,Attleboro,00160000,63,40,63.5,237,11,4.6,912,611,67,145,71,49,2012-13,100,"Spring 2012",100,84,2009-10,9,75
2013,Auburn,00170000,24,15,62.5,64,4,6.3,265,175,66,32,14,43.8,2014-15,-,"Spring 2011",19,86.3,2012-13,7,100
2013,Avon,00180000,11,10,90.9,37,1,2.7,109,83,76.1,18,3,16.7,2012-13,90,"Spring 2012",-,-,2009-10,2,100
2013,Barnstable,00200000,80,52,65,163,8,4.9,651,351,53.9,86,41,47.7,2014-15,-,"Spring 2011",15,60,2012-13,14,100
2013,Bedford,00230000,47,37,78.7,112,1,0.9,382,232,60.7,38,13,34.2,2011-12,-,"Spring 2012",56,86,2009-10,20,83.3
2013,Belchertown,00240000,36,29,80.6,79,0,0,326,160,49.1,25,14,56,2012-13,-,"Spring 2013",39,73.5,2010-11,8,100
2013,Bellingham,00250000,30,22,73.3,96,2,2.1,341,227,66.6,47,4,8.5,2012-13,100,"Spring 2013",26,76.5,2010-11,10,100
2013,Belmont,00260000,29,23,79.3,63,1,1.6,347,266,76.7,60,30,50,2012-13,100,"Spring 2013",42,84,2010-11,17,100
2013,Berkley,00270000,NA,NA,NA,0,-,-,119,44,37,14,9,64.3,2011-12,-,"Spring 2012",-,-,2009-10,NA,NA
2013,Berlin,00280000,NA,NA,NA,0,-,-,50,44,88,12,0,0,2012-13,-,"Spring 2013",-,-,2010-11,NA,NA
2013,Beverly,00300000,85,61,71.8,182,7,3.8,762,439,57.6,117,33,28.2,2012-13,90,"Spring 2013",89,82.3,2010-11,10,83.3
2013,Billerica,00310000,62,37,59.7,156,2,1.3,949,528,55.6,132,79,59.8,2010-11,91.7,"Spring 2011",40,93,2012-13,18,90
2013,Boston,00350000,918,411,44.8,2855,11,0.4,9597,2626,27.4,1228,31,2.5,"All Indica",77.9,"Spring 2013",95,85.5,2012-13,62,89.9
2013,Bourne,00360000,28,21,75,61,7,11.5,272,198,72.8,30,15,50,2013-14,-,"Spring 2012",42,74,2011-12,9,100
2013,Boxborough,00370000,NA,NA,NA,0,-,-,52,33,63.5,11,4,36.4,2014-15,-,"Spring 2011",-,-,2012-13,NR,NR
2013,Boxford,00380000,NA,NA,NA,0,-,-,111,93,83.8,17,5,29.4,2013-14,42.9,"Spring 2012",30,94,2011-12,NA,NA
2013,Boylston,00390000,NA,NA,NA,0,-,-,52,49,94.2,5,-,-,2012-13,-,"Spring 2013",-,-,2010-11,NA,NA
2013,Braintree,00400000,90,74,82.2,275,2,0.7,1018,650,63.9,139,37,26.6,2013-14,71.4,"Spring 2012",128,93,2011-12,14,87.5
2013,Brewster,00410000,NA,NA,NA,0,-,-,45,42,93.3,23,0,0,2013-14,-,"Spring 2012",-,-,2011-12,NA,NA
2013,Brimfield,00430000,NA,NA,NA,0,-,-,36,32,88.9,6,4,66.7,2011-12,-,"Spring 2012",-,-,2009-10,NA,NA
2013,Brockton,00440000,159,66,41.5,501,34,6.8,1966,1247,63.4,245,89,36.3,2013-14,83.3,"Spring 2012",132,84,2011-12,12,66.7
2013,Brookfield,00450000,NA,NA,NA,0,-,-,30,27,90,8,6,75,2011-12,-,"Spring 2012",-,-,2009-10,NA,NA
2013,Brookline,00460000,100,78,78,289,0,0,1092,752,68.9,150,85,56.7,2012-13,100,"Spring 2013",126,84,2010-11,NA,NA
2013,Burlington,00480000,41,31,75.6,99,0,0,398,256,64.3,78,11,14.1,2012-13,100,"Spring 2013",45,80.4,2010-11,18,90
2013,Cambridge,00490000,141,97,68.8,228,5,2.2,1169,826,70.7,182,80,44,2011-12,-,"Spring 2012",-,-,2009-10,3,100
2013,Canton,00500000,29,18,62.1,85,0,0,405,262,64.7,56,17,30.4,2014-15,-,"Spring 2011",18,64.3,2012-13,3,100
2013,Carlisle,00510000,NA,NA,NA,0,-,-,74,59,79.7,16,6,37.5,2013-14,-,"Spring 2012",-,-,2011-12,NA,NA
2013,Carver,00520000,32,22,68.8,73,6,8.2,276,180,65.2,25,17,68,2011-12,-,"Spring 2012",-,-,2009-10,8,88.9
2013,Chelmsford,00560000,56,42,75,159,4,2.5,710,429,60.4,107,59,55.1,2013-14,63.6,"Spring 2012",61,85,2011-12,54,100
2013,Chelsea,00570000,55,21,38.2,137,0,0,645,330,51.2,66,1,1.5,2011-12,-,"Spring 2012",-,-,2009-10,2,66.7
2013,Chicopee,00610000,125,52,41.6,421,31,7.4,1204,693,57.6,139,110,79.1,2013-14,95.2,"Spring 2012",67,86,2011-12,36,78.3
2013,Clarksburg,00630000,1,-,-,0,-,-,40,30,75,4,-,-,2012-13,-,"Spring 2013",-,-,2010-11,NA,NA
2013,Clinton,00640000,27,18,66.7,72,0,0,322,216,67.1,52,9,17.3,2011-12,-,"Spring 2012",17,74,2009-10,8,80
2013,Cohasset,00650000,17,16,94.1,42,0,0,177,143,80.8,31,0,0,2012-13,-,"Spring 2013",11,52.4,2010-11,3,100
2013,Concord,00670000,NA,NA,NA,0,-,-,350,238,68,48,19,39.6,2013-14,-,"Spring 2012",42,79,2011-12,NA,NA
2013,Conway,00680000,NA,NA,NA,0,-,-,30,17,56.7,3,-,-,2011-12,-,"Spring 2012",-,-,2009-10,NA,NA
2013,Danvers,00710000,55,33,60,172,7,4.1,570,325,57,55,20,36.4,2011-12,-,"Spring 2012",-,-,2009-10,5,100
2013,Dartmouth,00720000,22,18,81.8,100,3,3,427,272,63.7,31,22,71,2012-13,85.7,"Spring 2013",19,86.3,2010-11,4,100
2013,Dedham,00730000,41,30,73.2,134,7,5.2,568,356,62.7,65,47,72.3,2014-15,-,"Spring 2011",70,88.6,2012-13,14,100
2013,Deerfield,00740000,NA,NA,NA,0,-,-,64,47,73.4,10,6,60,2011-12,-,"Spring 2012",-,-,2009-10,NA,NA
2013,Douglas,00770000,20,13,65,69,1,1.4,233,191,82,20,3,15,2014-15,-,"Spring 2011",11,91.7,2012-13,8,100
2013,Dover,00780000,NA,NA,NA,0,-,-,60,43,71.7,8,0,0,2014-15,-,"Spring 2011",-,-,2012-13,NR,NR
2013,Dracut,00790000,35,16,45.7,73,8,11,442,243,55,71,21,29.6,2011-12,-,"Spring 2012",8,62,2009-10,NA,NA
2013,Duxbury,00820000,48,44,91.7,102,1,1,389,327,84.1,42,31,73.8,2011-12,-,"Spring 2012",21,81,2009-10,20,100
2013,"East Bridgewater",00830000,21,13,61.9,54,1,1.9,309,224,72.5,42,27,64.3,2014-15,-,"Spring 2011",7,53.8,2012-13,4,100
2013,Eastham,00850000,NA,NA,NA,0,-,-,31,23,74.2,3,-,-,NA,NA,"Spring 2012",-,-,2011-12,NA,NA
2013,Easthampton,00860000,27,19,70.4,74,3,4.1,282,170,60.3,24,3,12.5,2013-14,50,"Spring 2012",-,-,2011-12,NA,NA
2013,"East Longmeadow",00870000,68,60,88.2,160,1,0.6,525,327,62.3,22,7,31.8,2011-12,-,"Spring 2012",-,-,2009-10,23,95.8
2013,Easton,00880000,50,42,84,167,2,1.2,644,464,72,60,27,45,2013-14,-,"Spring 2012",54,90,2011-12,40,100
2013,Edgartown,00890000,NA,NA,NA,0,-,-,63,34,54,5,-,-,2012-13,-,"Spring 2013",-,-,2010-11,NA,NA
2013,Erving,00910000,1,-,-,0,-,-,30,17,56.7,8,4,50,2013-14,-,"Spring 2012",-,-,2011-12,NA,NA
2013,Everett,00930000,91,53,58.2,228,0,0,910,480,52.7,102,66,64.7,2014-15,-,"Spring 2011",13,86.6,2012-13,8,80
2013,Fairhaven,00940000,28,18,64.3,77,0,0,256,208,81.3,26,2,7.7,2014-15,-,"Spring 2011",8,72.6,2012-13,9,100
2013,"Fall River",00950000,183,87,47.5,525,50,9.5,2101,1234,58.7,229,41,17.9,2012-13,91.3,"Spring 2013",87,85.2,2010-11,5,83.3
2013,Falmouth,00960000,39,27,69.2,131,6,4.6,583,378,64.8,65,12,18.5,2012-13,85.7,"Spring 2013",45,80.4,2010-11,11,100
2013,Fitchburg,00970000,116,70,60.3,197,1,0.5,927,372,40.1,143,108,75.5,2014-15,-,"Spring 2011",-,-,2012-13,12,100
2013,Florida,00980000,NA,NA,NA,0,-,-,16,16,100,2,-,-,2012-13,-,"Spring 2013",-,-,2010-11,NA,NA
2013,Foxborough,00990000,44,41,93.2,145,3,2.1,421,265,62.9,32,18,56.3,2012-13,75,"Spring 2013",20,64.5,2010-11,8,100
2013,Framingham,01000000,142,90,63.4,324,15,4.6,1747,1003,57.4,202,38,18.8,2013-14,78.8,"Spring 2012",241,79,2011-12,98,100
2013,Franklin,01010000,90,67,74.4,257,0,0,851,604,71,79,25,31.6,2014-15,-,"Spring 2011",231,86.7,2012-13,50,100
2013,Gardner,01030000,31,11,35.5,99,11,11.1,444,191,43,76,58,76.3,2012-13,70.6,"Spring 2013",13,92.9,2010-11,2,100
2013,Georgetown,01050000,18,16,88.9,64,0,0,192,140,72.9,32,11,34.4,2011-12,94.4,"Spring 2012",34,71,2009-10,6,85.7
2013,Gloucester,01070000,88,56,63.6,222,2,0.9,625,445,71.2,57,19,33.3,2014-15,-,"Spring 2011",30,85.6,2012-13,13,100
2013,Gosnold,01090000,NA,NA,NA,0,-,-,NA,NA,NA,0,-,-,2013-14,-,"Spring 2012",-,-,2011-12,NA,NA
2013,Grafton,01100000,34,24,70.6,84,1,1.2,391,225,57.5,64,25,39.1,2014-15,-,"Spring 2011",16,69.5,2012-13,10,100
2013,Granby,01110000,17,17,100,51,0,0,163,67,41.1,13,1,7.7,2013-14,-,"Spring 2012",17,85,2011-12,4,100
2013,Greenfield,01140000,23,8,34.8,72,8,11.1,333,126,37.8,49,31,63.3,2014-15,-,"Spring 2011",9,75,2012-13,5,38.5
2013,Hadley,01170000,2,-,-,15,0,0,64,55,85.9,11,2,18.2,2014-15,-,"Spring 2011",-,-,2012-13,5,100
2013,Halifax,01180000,NA,NA,NA,0,-,-,75,58,77.3,7,4,57.1,NA,NA,"Spring 2012",-,-,2011-12,NA,NA
2013,Hancock,01210000,0,-,-,0,-,-,1,-,-,0,-,-,2012-13,-,"Spring 2013",-,-,2010-11,NA,NA
2013,Hanover,01220000,25,22,88,91,2,2.2,367,293,79.8,39,6,15.4,2014-15,-,"Spring 2011",34,85,2012-13,2,100
2013,Harvard,01250000,24,23,95.8,42,1,2.4,170,137,80.6,15,4,26.7,2014-15,-,"Spring 2011",33,78.6,2012-13,8,88.9
2013,Hatfield,01270000,5,-,-,25,0,0,63,51,81,7,0,0,2013-14,-,"Spring 2012",-,-,2011-12,6,100
2013,Haverhill,01280000,105,43,41,394,7,1.8,1386,651,47,203,89,43.8,2013-14,89.7,"Spring 2012",95,83,2011-12,16,88.9
2013,Hingham,01310000,49,39,79.6,141,0,0,547,473,86.5,38,23,60.5,2011-12,-,"Spring 2012",69,89,2009-10,8,72.7
2013,Holbrook,01330000,16,11,68.8,31,0,0,199,114,57.3,37,13,35.1,2014-15,92.3,"Spring 2011",12,85.6,2012-13,4,50
2013,Holland,01350000,NA,NA,NA,0,-,-,32,11,34.4,6,2,33.3,2011-12,-,"Spring 2012",-,-,2009-10,NA,NA
2013,Holliston,01360000,55,43,78.2,133,0,0,438,273,62.3,43,17,39.5,2012-13,75,"Spring 2013",6,54.5,2010-11,14,100
2013,Holyoke,01370000,144,39,27.1,450,63,14,1346,739,54.9,146,54,37,2011-12,-,"Spring 2012",10,71,2009-10,7,50
2013,Hopedale,01380000,19,18,94.7,53,0,0,200,115,57.5,20,15,75,2014-15,-,"Spring 2011",25,86.1,2012-13,10,83.3
2013,Hopkinton,01390000,40,37,92.5,132,2,1.5,428,352,82.2,39,15,38.5,2013-14,58.3,"Spring 2012",58,85,2011-12,15,75
2013,Hudson,01410000,51,33,64.7,116,6,5.2,463,327,70.6,62,40,64.5,2013-14,85.7,"Spring 2012",78,74,2011-12,14,36.8
2013,Hull,01420000,17,14,82.4,49,1,2,145,103,71,23,13,56.5,2014-15,-,"Spring 2011",-,-,2012-13,2,66.7
2013,Ipswich,01440000,29,18,62.1,69,2,2.9,252,158,62.7,16,5,31.3,2012-13,-,"Spring 2013",3,27.3,2010-11,8,80
2013,Kingston,01450000,4,-,-,0,-,-,156,69,44.2,10,0,0,NA,NA,"Spring 2012",24,83,2011-12,NA,NA
2013,Lanesborough,01480000,NA,NA,NA,0,-,-,40,20,50,6,6,100,2012-13,-,"Spring 2013",-,-,2010-11,NA,NA
2013,Lawrence,01490000,232,94,40.5,743,60,8.1,2582,433,16.8,216,129,59.7,2015-16,-,"Spring 2011",25,78.1,2012-13,10,62.5
2013,Lee,01500000,9,6,66.7,30,0,0,78,54,69.2,11,2,18.2,2011-12,-,"Spring 2012",-,-,2009-10,8,72.7
2013,Leicester,01510000,25,16,64,56,0,0,264,169,64,26,16,61.5,2011-12,-,"Spring 2012",-,-,2009-10,13,76.5
2013,Lenox,01520000,9,6,66.7,14,0,0,69,37,53.6,6,6,100,2013-14,-,"Spring 2012",-,-,2011-12,4,100
2013,Leominster,01530000,62,44,71,270,11,4.1,1003,501,50,145,27,18.6,2011-12,-,"Spring 2012",61,79,2009-10,27,90
2013,Leverett,01540000,NA,NA,NA,0,-,-,21,15,71.4,8,0,0,2013-14,-,"Spring 2012",-,-,2011-12,NA,NA
2013,Lexington,01550000,90,72,80,223,0,0,868,596,68.7,71,9,12.7,2012-13,77.8,"Spring 2013",76,72.3,2010-11,27,100
2013,Lincoln,01570000,NA,NA,NA,0,-,-,139,126,90.6,38,24,63.2,2014-15,-,"Spring 2011",13,92.9,2012-13,NR,NR
2013,Littleton,01580000,10,7,70,48,0,0,298,227,76.2,43,4,9.3,2012-13,90,"Spring 2013",30,85.6,2009-10,18,94.7
2013,Longmeadow,01590000,51,39,76.5,160,0,0,507,375,74,41,3,7.3,2013-14,75,"Spring 2012",10,50,2011-12,25,100
2013,Lowell,01600000,109,47,43.1,362,31,8.6,1894,1119,59.1,298,147,49.3,2012-13,82.4,"Spring 2013",26,72.1,2010-11,15,78.9
2013,Ludlow,01610000,52,33,63.5,153,5,3.3,431,153,35.5,44,32,72.7,2011-12,-,"Spring 2012",45,80,2009-10,17,94.4
2013,Lunenburg,01620000,17,14,82.4,48,0,0,260,198,76.2,35,16,45.7,2012-13,-,"Spring 2013",18,78.3,2010-11,7,100
2013,Lynn,01630000,225,121,53.8,623,39,6.3,2184,930,42.6,162,79,48.8,2011-12,-,"Spring 2012",29,55,2009-10,22,68.8
2013,Lynnfield,01640000,21,20,95.2,70,0,0,295,221,74.9,30,5,16.7,2012-13,-,"Spring 2013",-,-,2010-11,8,100
2013,Malden,01650000,67,36,53.7,212,0,0,840,421,50.1,120,91,75.8,2012-13,100,"Spring 2013",49,83,2010-11,21,95.5
2013,Mansfield,01670000,86,67,77.9,209,0,0,774,420,54.3,64,30,46.9,2012-13,81.3,"Spring 2013",61,87.1,2010-11,18,100
2013,Marblehead,01680000,58,51,87.9,190,1,0.5,548,352,64.2,27,16,59.3,2012-13,-,"Spring 2013",67,76.1,2010-11,23,88.5
2013,Marion,01690000,NA,NA,NA,0,-,-,69,61,88.4,8,7,87.5,2011-12,-,"Spring 2012",-,-,2009-10,NA,NA
2013,Marlborough,01700000,78,48,61.5,191,3,1.6,828,420,50.7,113,48,42.5,2011-12,-,"Spring 2012",-,-,2009-10,35,100
2013,Marshfield,01710000,66,50,75.8,219,4,1.8,679,504,74.2,58,29,50,2012-13,100,"Spring 2013",60,81.1,2010-11,8,100
2013,Mashpee,01720000,28,22,78.6,61,2,3.3,275,187,68,29,12,41.4,2014-15,-,"Spring 2011",14,87.5,2012-13,7,100
2013,Mattapoisett,01730000,1,-,-,0,-,-,38,32,84.2,13,11,84.6,2011-12,-,"Spring 2012",-,-,2009-10,NA,NA
2013,Maynard,01740000,13,7,53.8,43,1,2.3,185,110,59.5,34,22,64.7,2011-12,-,"Spring 2012",24,96,2009-10,0,0
2013,Medfield,01750000,29,27,93.1,96,1,1,319,262,82.1,23,14,60.9,2012-13,-,"Spring 2013",18,64.3,2010-11,16,100
2013,Medford,01760000,74,53,71.6,248,8,3.2,796,394,49.5,61,37,60.7,2013-14,90.5,"Spring 2012",142,84,2011-12,57,91.9
2013,Medway,01770000,42,38,90.5,114,0,0,383,241,62.9,21,13,61.9,2013-14,-,"Spring 2012",14,70,2011-12,9,100
2013,Melrose,01780000,49,45,91.8,142,2,1.4,549,390,71,60,22,36.7,2012-13,85.7,"Spring 2013",34,69.3,2010-11,28,100
2013,Methuen,01810000,64,32,50,186,9,4.8,948,607,64,120,21,17.5,2014-15,-,"Spring 2011",42,79.2,2012-13,6,85.7
2013,Middleborough,01820000,38,24,63.2,130,2,1.5,543,395,72.7,47,26,55.3,2014-15,-,"Spring 2011",33,71.6,2012-13,11,91.7
2013,Middleton,01840000,NA,NA,NA,0,-,-,109,52,47.7,16,7,43.8,2013-14,-,"Spring 2012",21,91,2011-12,NA,NA
2013,Milford,01850000,43,25,58.1,148,0,0,612,318,52,75,31,41.3,2013-14,88.9,"Spring 2012",34,90,2011-12,7,19.4
2013,Millbury,01860000,34,25,73.5,90,0,0,287,124,43.2,41,25,61,2014-15,-,"Spring 2011",-,-,2012-13,13,100
2013,Millis,01870000,17,15,88.2,43,0,0,169,131,77.5,25,4,16,2012-13,-,"Spring 2013",38,86.3,2010-11,1,100
2013,Milton,01890000,39,32,82.1,93,4,4.3,528,335,63.4,56,6,10.7,2013-14,100,"Spring 2012",53,90,2011-12,8,100
2013,Monson,01910000,11,6,54.5,39,1,2.6,168,98,58.3,21,5,23.8,2011-12,-,"Spring 2012",8,67,2009-10,0,0
2013,Nahant,01960000,NA,NA,NA,0,-,-,14,9,64.3,0,-,-,2011-12,-,"Spring 2012",-,-,2009-10,NA,NA
2013,Nantucket,01970000,20,17,85,72,1,1.4,196,102,52,14,0,0,2011-12,-,"Spring 2012",12,75,2009-10,7,77.8
2013,Natick,01980000,74,62,83.8,206,6,2.9,683,373,54.6,82,13,15.9,2011-12,-,"Spring 2012",-,-,2009-10,39,75
2013,Needham,01990000,65,51,78.5,202,0,0,717,539,75.2,33,7,21.2,NA,NA,"Spring 2011",17,89.5,2012-13,47,97.9
2013,"New Bedford",02010000,133,38,28.6,515,45,8.7,2366,1409,59.6,465,158,34,2011-12,-,"Spring 2012",-,-,2009-10,5,71.4
2013,Newburyport,02040000,27,22,81.5,93,3,3.2,311,247,79.4,41,11,26.8,2011-12,-,"Spring 2012",-,-,2009-10,0,0
2013,Newton,02070000,228,202,88.6,749,6,0.8,2261,1697,75.1,184,68,37,2014-15,-,"Spring 2011",114,88.4,2012-13,20,100
2013,Norfolk,02080000,NA,NA,NA,0,-,-,122,96,78.7,27,4,14.8,2012-13,-,"Spring 2013",13,92.9,2010-11,NA,NA
2013,"North Adams",02090000,35,17,48.6,86,2,2.3,310,208,67.1,68,5,7.4,2012-13,100,"Spring 2013",35,89.7,2010-11,16,40
2013,Northampton,02100000,47,33,70.2,139,4,2.9,524,264,50.4,43,20,46.5,2014-15,-,"Spring 2011",27,77.1,2012-13,29,100
2013,"North Andover",02110000,58,49,84.5,146,2,1.4,613,429,70,86,30,34.9,2013-14,-,"Spring 2012",-,-,2011-12,6,26.1
2013,"North Attleborough",02120000,46,36,78.3,137,1,0.7,625,384,61.4,86,63,73.3,2014-15,-,"Spring 2011",57,91.9,2012-13,12,100
2013,Northborough,02130000,1,-,-,0,-,-,228,175,76.8,43,3,7,2013-14,-,"Spring 2012",28,80,2011-12,NA,NA
2013,Northbridge,02140000,30,22,73.3,95,3,3.2,381,278,73,46,24,52.2,2014-15,-,"Spring 2011",20,83.2,2012-13,4,40
2013,"North Brookfield",02150000,6,5,83.3,13,1,7.7,71,50,70.4,15,5,33.3,2014-15,-,"Spring 2012",-,-,2011-12,5,83.3
2013,"North Reading",02170000,32,22,68.8,105,7,6.7,420,306,72.9,33,26,78.8,2012-13,-,"Spring 2013",40,88.9,2010-11,13,86.7
2013,Norton,02180000,38,21,55.3,108,6,5.6,496,304,61.3,56,16,28.6,2014-15,-,"Spring 2011",29,87.9,2012-13,8,100
2013,Norwell,02190000,30,29,96.7,93,0,0,302,285,94.4,33,11,33.3,2014-15,-,"Spring 2011",44,88,2012-13,12,100
2013,Norwood,02200000,50,36,72,162,7,4.3,530,325,61.3,58,39,67.2,2012-13,86.7,"Spring 2013",76,75.2,2010-11,7,31.8
2013,"Oak Bluffs",02210000,NA,NA,NA,0,-,-,72,60,83.3,12,3,25,2012-13,-,"Spring 2013",-,-,2010-11,NA,NA
2013,Orange,02230000,NA,NA,NA,0,-,-,97,68,70.1,21,1,4.8,2011-12,-,"Spring 2012",-,-,2009-10,NA,NA
2013,Orleans,02240000,NA,NA,NA,0,-,-,32,21,65.6,9,0,0,2013-14,-,"Spring 2012",-,-,2011-12,NA,NA
2013,Oxford,02260000,35,19,54.3,83,7,8.4,269,132,49.1,39,21,53.8,2013-14,-,"Spring 2012",36,77,2011-12,3,100
2013,Palmer,02270000,24,11,45.8,43,3,7,273,111,40.7,17,9,52.9,2011-12,-,"Spring 2012",-,-,2009-10,1,100
2013,Peabody,02290000,121,70,57.9,347,21,6.1,1089,665,61.1,90,47,52.2,2014-15,-,"Spring 2011",38,61.2,2012-13,25,96.2
2013,Pelham,02300000,NA,NA,NA,0,-,-,26,19,73.1,0,-,-,NA,NA,"Spring 2012",-,-,2011-12,NA,NA
2013,Pembroke,02310000,35,33,94.3,119,1,0.8,357,255,71.4,35,15,42.9,2012-13,100,"Spring 2013",25,78.1,2010-11,12,100
2013,Petersham,02340000,NA,NA,NA,0,-,-,16,11,68.8,1,-,-,2014-15,-,"Spring 2011",-,-,2012-13,NR,NR
2013,Pittsfield,02360000,115,67,58.3,386,27,7,972,584,60.1,124,7,5.6,2013-14,100,"Spring 2012",63,83,2011-12,61,100
2013,Plainville,02380000,NA,NA,NA,0,-,-,96,58,60.4,25,24,96,2014-15,-,"Spring 2011",12,85.6,2012-13,NR,NR
2013,Plymouth,02390000,137,99,72.3,414,0,0,1407,896,63.7,154,66,42.9,2014-15,-,"Spring 2011",63,81.7,2012-13,20,90.9
2013,Plympton,02400000,2,-,-,0,-,-,30,27,90,7,0,0,NA,NA,"Spring 2012",-,-,2011-12,NA,NA
2013,Provincetown,02420000,1,-,-,0,-,-,16,14,87.5,2,-,-,2012-13,-,"Spring 2013",-,-,2010-11,4,100
2013,Quincy,02430000,121,83,68.6,378,13,3.4,1298,569,43.8,166,55,33.1,2014-15,-,"Spring 2011",51,81,2012-13,70,93.3
2013,Randolph,02440000,36,24,66.7,132,9,6.8,569,372,65.4,82,10,12.2,2013-14,-,"Spring 2012",-,-,2011-12,8,72.7
2013,Reading,02460000,74,64,86.5,254,4,1.6,709,460,64.9,82,27,32.9,2011-12,-,"Spring 2012",60,86,2009-10,15,93.8
2013,Revere,02480000,81,47,58,195,8,4.1,929,469,50.5,136,31,22.8,2011-12,-,"Spring 2012",61,88,2009-10,9,81.8
2013,Richmond,02490000,NA,NA,NA,0,-,-,14,5,35.7,3,-,-,2012-13,-,"Spring 2013",-,-,2010-11,NA,NA
2013,Rochester,02500000,NA,NA,NA,0,-,-,68,65,95.6,11,4,36.4,2011-12,-,"Spring 2012",-,-,2009-10,NA,NA
2013,Rockland,02510000,23,12,52.2,55,2,3.6,317,144,45.4,38,3,7.9,2014-15,-,"Spring 2011",14,87.5,2012-13,6,85.7
2013,Rockport,02520000,25,19,76,44,3,6.8,157,125,79.6,12,5,41.7,2011-12,-,"Spring 2012",-,-,2009-10,9,100
2013,Rowe,02530000,NA,NA,NA,0,-,-,9,7,77.8,1,-,-,2011-12,-,"Spring 2012",-,-,2009-10,NA,NA
2013,Salem,02580000,104,80,76.9,287,7,2.4,919,529,57.6,80,18,22.5,2012-13,84.2,"Spring 2013",18,94.6,2010-11,8,80
2013,Sandwich,02610000,65,49,75.4,131,3,2.3,409,292,71.4,28,7,25,2011-12,-,"Spring 2012",52,77,2009-10,14,100
2013,Saugus,02620000,29,20,69,75,2,2.7,340,226,66.5,80,32,40,2012-13,-,"Spring 2013",20,71.3,2010-11,7,100
2013,Savoy,02630000,NA,NA,NA,0,-,-,4,-,-,2,-,-,2012-13,-,"Spring 2013",-,-,2010-11,NA,NA
2013,Scituate,02640000,30,20,66.7,112,3,2.7,401,311,77.6,39,8,20.5,2011-12,-,"Spring 2012",39,87,2009-10,12,100
2013,Seekonk,02650000,21,17,81,72,3,4.2,272,132,48.5,18,13,72.2,2012-13,-,"Spring 2013",14,93.3,2010-11,10,90.9
2013,Sharon,02660000,50,44,88,160,1,0.6,508,385,75.8,46,16,34.8,2012-13,84.6,"Spring 2013",16,76.2,2010-11,13,100
2013,Sherborn,02690000,NA,NA,NA,0,-,-,41,40,97.6,5,-,-,2014-15,-,"Spring 2011",28,100,2012-13,NR,NR
2013,Shrewsbury,02710000,73,55,75.3,212,3,1.4,799,599,75,87,32,36.8,2013-14,80,"Spring 2012",127,83,2011-12,41,100
2013,Shutesbury,02720000,NA,NA,NA,0,-,-,20,15,75,2,-,-,2013-14,-,"Spring 2012",-,-,2011-12,NA,NA
2013,Somerset,02730000,1,-,-,0,-,-,272,201,73.9,35,13,37.1,2013-14,63.6,"Spring 2012",22,67,2011-12,NA,NA
2013,Somerville,02740000,71,42,59.2,246,12,4.9,936,581,62.1,140,81,57.9,2011-12,-,"Spring 2012",51,88,2009-10,3,60
2013,Southampton,02750000,NA,NA,NA,0,-,-,62,56,90.3,22,14,63.6,2014-15,-,"Spring 2011",-,-,2012-13,NR,NR
2013,Southborough,02760000,NA,NA,NA,0,-,-,142,101,71.1,23,1,4.3,2013-14,-,"Spring 2012",32,91,2011-12,NA,NA
2013,Southbridge,02770000,24,12,50,78,3,3.8,361,267,74,42,0,0,2013-14,-,"Spring 2012",-,-,2011-12,8,100
2013,"South Hadley",02780000,26,16,61.5,69,2,2.9,221,148,67,36,29,80.6,2011-12,-,"Spring 2012",23,79,2009-10,8,72.7
2013,Springfield,02810000,557,194,34.8,1340,150,11.2,4316,1216,28.2,576,437,75.9,2012-13,88.6,"Spring 2013",NA,NA,2010-11,3,100
2013,Stoneham,02840000,44,29,65.9,107,3,2.8,393,287,73,49,26,53.1,2013-14,100,"Spring 2012",37,73,2011-12,NA,NA
2013,Stoughton,02850000,54,37,68.5,174,8,4.6,578,379,65.6,41,11,26.8,2014-15,-,"Spring 2011",18,62.1,2012-13,4,100
2013,Sturbridge,02870000,NA,NA,NA,0,-,-,100,71,71,22,10,45.5,2011-12,-,"Spring 2012",9,75,2009-10,NA,NA
2013,Sudbury,02880000,NA,NA,NA,0,-,-,357,257,72,56,24,42.9,2014-15,-,"Spring 2011",58,95,2012-13,NR,NR
2013,Sunderland,02890000,NA,NA,NA,0,-,-,20,9,45,5,-,-,2011-12,-,"Spring 2012",-,-,2009-10,NA,NA
2013,Sutton,02900000,12,7,58.3,50,0,0,282,204,72.3,26,8,30.8,2011-12,-,"Spring 2012",-,-,2009-10,3,75
2013,Swampscott,02910000,30,25,83.3,87,3,3.4,270,169,62.6,36,20,55.6,2011-12,-,"Spring 2012",10,83,2009-10,19,90.5
2013,Swansea,02920000,16,12,75,63,2,3.2,231,131,56.7,16,1,6.3,2014-15,-,"Spring 2011",-,-,2012-13,8,88.9
2013,Taunton,02930000,88,52,59.1,270,13,4.8,1307,602,46.1,206,76,36.9,2010-11,89.2,"Spring 2011",36,70.5,2012-13,7,50
2013,Tewksbury,02950000,35,22,62.9,91,1,1.1,616,281,45.6,72,42,58.3,2012-13,92.9,"Spring 2013",133,74.7,2010-11,9,100
2013,Tisbury,02960000,NA,NA,NA,0,-,-,44,34,77.3,10,4,40,2012-13,-,"Spring 2013",-,-,2010-11,NA,NA
2013,Topsfield,02980000,NA,NA,NA,0,-,-,106,60,56.6,14,4,28.6,2013-14,-,"Spring 2012",11,73,2011-12,NA,NA
2013,Truro,03000000,NA,NA,NA,0,-,-,21,16,76.2,4,-,-,2013-14,-,"Spring 2012",-,-,2011-12,NA,NA
2013,Tyngsborough,03010000,13,11,84.6,49,3,6.1,213,141,66.2,26,26,100,2013-14,92.3,"Spring 2012",75,88,2011-12,5,83.3
2013,Uxbridge,03040000,20,14,70,64,1,1.6,236,161,68.2,18,1,5.6,2013-14,-,"Spring 2012",12,80,2011-12,2,66.7
2013,Wakefield,03050000,39,29,74.4,116,6,5.2,457,310,67.8,66,23,34.8,2011-12,-,"Spring 2012",-,-,2009-10,21,84
2013,Wales,03060000,NA,NA,NA,0,-,-,27,20,74.1,8,8,100,2011-12,-,"Spring 2012",-,-,2009-10,NA,NA
2013,Walpole,03070000,39,32,82.1,157,1,0.6,560,404,72.1,56,34,60.7,2011-12,-,"Spring 2012",71,84,2009-10,8,80
2013,Waltham,03080000,100,65,65,282,13,4.6,990,319,32.2,185,48,25.9,2014-15,-,"Spring 2011",10,71.3,2012-13,33,94.3
2013,Ware,03090000,21,11,52.4,50,7,14,175,129,73.7,28,24,85.7,2013-14,100,"Spring 2012",30,83,2011-12,5,71.4
2013,Wareham,03100000,51,34,66.7,158,13,8.2,538,286,53.2,82,32,39,2011-12,-,"Spring 2012",-,-,2009-10,9,60
2013,Watertown,03140000,41,25,61,122,6,4.9,507,322,63.5,65,33,50.8,2014-15,-,"Spring 2011",11,100,2012-13,19,95
2013,Wayland,03150000,74,69,93.2,184,0,0,513,445,86.7,26,11,42.3,2013-14,50,"Spring 2012",48,86,2011-12,33,100
2013,Webster,03160000,15,5,33.3,55,3,5.5,295,201,68.1,50,8,16,2014-15,-,"Spring 2011",-,-,2012-13,4,80
2013,Wellesley,03170000,66,58,87.9,203,0,0,776,558,71.9,110,58,52.7,2013-14,85,"Spring 2012",114,85,2011-12,15,100
2013,Wellfleet,03180000,NA,NA,NA,0,-,-,10,0,0,5,-,-,2013-14,-,"Spring 2012",-,-,2011-12,NA,NA
2013,Westborough,03210000,33,29,87.9,96,2,2.1,460,249,54.1,74,30,40.5,2012-13,85.7,"Spring 2013",26,78.8,2010-11,5,100
2013,"West Boylston",03220000,8,6,75,36,2,5.6,133,76,57.1,19,5,26.3,2012-13,-,"Spring 2013",12,80,2010-11,3,100
2013,"West Bridgewater",03230000,10,9,90,35,0,0,126,100,79.4,16,10,62.5,2012-13,-,"Spring 2013",-,-,2010-11,5,100
2013,Westfield,03250000,120,74,61.7,285,12,4.2,849,393,46.3,109,0,0,2013-14,-,"Spring 2012",101,82,2011-12,32,94.1
2013,Westford,03260000,45,41,91.1,136,0,0,524,352,67.2,73,44,60.3,2011-12,-,"Spring 2013",40,78.4,2009-10,5,83.3
2013,Westhampton,03270000,NA,NA,NA,0,-,-,20,15,75,6,3,50,2014-15,-,"Spring 2011",-,-,2012-13,NR,NR
2013,Weston,03300000,28,21,75,113,0,0,324,273,84.3,32,24,75,2013-14,-,"Spring 2012",84,77,2011-12,6,85.7
2013,Westport,03310000,22,18,81.8,64,0,0,217,154,71,20,3,15,2011-12,-,"Spring 2012",27,82,2009-10,NA,NA
2013,"West Springfield",03320000,68,40,58.8,219,8,3.7,763,350,45.9,84,0,0,2012-13,68.8,"Spring 2013",28,87.5,2010-11,19,95
2013,Westwood,03350000,49,43,87.8,127,0,0,498,361,72.5,31,26,83.9,2013-14,-,"Spring 2012",-,-,2011-12,9,100
2013,Weymouth,03360000,91,53,58.2,292,1,0.3,1062,535,50.4,139,57,41,2012-13,93.8,"Spring 2013",62,69.6,2010-11,18,78.3
2013,Whately,03370000,NA,NA,NA,0,-,-,14,11,78.6,5,-,-,2011-12,-,"Spring 2012",-,-,2009-10,NA,NA
2013,Williamsburg,03400000,NA,NA,NA,0,-,-,18,16,88.9,4,-,-,2014-15,-,"Spring 2011",-,-,2012-13,NR,NR
2013,Williamstown,03410000,NA,NA,NA,0,-,-,37,28,75.7,13,7,53.8,2012-13,-,"Spring 2013",-,-,2010-11,NA,NA
2013,Wilmington,03420000,39,23,59,101,5,5,533,345,64.7,74,25,33.8,2012-13,73.7,"Spring 2013",39,76.5,2010-11,19,90.5
2013,Winchendon,03430000,23,16,69.6,65,4,6.2,233,117,50.2,30,4,13.3,2013-14,-,"Spring 2012",15,79,2011-12,14,60.9
2013,Winchester,03440000,53,43,81.1,128,0,0,623,500,80.3,42,25,59.5,2011-12,-,"Spring 2012",-,-,2009-10,6,75
2013,Winthrop,03460000,31,23,74.2,88,3,3.4,323,125,38.7,40,9,22.5,2011-12,-,"Spring 2012",14,78,2009-10,6,100
2013,Woburn,03470000,72,44,61.1,237,4,1.7,802,510,63.6,83,6,7.2,2014-15,-,"Spring 2011",-,-,2012-13,18,100
2013,Worcester,03480000,526,279,53,1425,0,0,4484,2066,46.1,746,360,48.3,2013-14,90.9,"Spring 2012",271,86,2011-12,134,93.1
2013,Wrentham,03500000,NA,NA,NA,0,-,-,151,124,82.1,34,12,35.3,2011-12,-,"Spring 2012",-,-,2009-10,NA,NA
2013,"Northampton-Smith Vocational Agricultural",04060000,51,47,92.2,163,0,0,163,163,100,0,-,-,NA,NA,"Spring 2013",-,-,2010-11,23,76.7
2013,"Dudley Street Neighborhood Charter School",04070000,NA,NA,NA,0,-,-,6,5,83.3,2,-,-,NA,NA,"Spring 2013",-,-,2010-11,NA,NA
2013,"Alma del Mar Charter School",04090000,NA,NA,NA,0,-,-,23,23,100,2,-,-,2014-15,-,"Spring 2011",NA,NA,2012-13,NR,NR
2013,"Excel Academy Charter",04100000,NA,NA,NA,0,-,-,35,33,94.3,0,-,-,NA,NA,"Spring 2013",-,-,2010-11,NA,NA
2013,"Boston Green Academy Horace Mann Charter School",04110000,17,9,52.9,87,3,3.4,87,28,32.2,0,-,-,NA,NA,"Spring 2012",-,-,2012-13,NR,NR
2013,"Academy Of the Pacific Rim Charter Public",04120000,7,6,85.7,41,2,4.9,92,91,98.9,0,-,-,NA,NA,"Spring 2011",12,92.3,2012-13,1,100
2013,"Four Rivers Charter Public",04130000,7,5,71.4,29,1,3.4,37,37,100,0,-,-,NA,NA,"Spring 2011",-,-,2012-13,1,100
2013,"Berkshire Arts and Technology Charter Public",04140000,6,4,66.7,20,2,10,55,45,81.8,0,-,-,NA,NA,"Spring 2012",-,-,2011-12,2,100
2013,"Amesbury Academy Charter Public",04150000,10,7,70,0,-,-,NA,NA,NA,0,-,-,NA,NA,"Spring 2013",NA,NA,2010-11,4,100
2013,"Boston Preparatory Charter Public",04160000,9,9,100,32,2,6.3,66,66,100,0,-,-,NA,NA,"Spring 2013",-,-,2011-12,1,50
2013,"Bridge Boston Charter School",04170000,NA,NA,NA,0,-,-,7,7,100,4,-,-,2013-14,-,"Spring 2012",-,-,2011-12,NA,NA
2013,"Christa McAuliffe Regional Charter Public",04180000,NA,NA,NA,0,-,-,73,63,86.3,0,-,-,NA,NA,"Spring 2011",-,-,2012-13,NR,NR
2013,"Smith Leadership Academy Charter Public",04190000,NA,NA,NA,0,-,-,33,26,78.8,0,-,-,NA,NA,"Spring 2011",-,-,2012-13,NR,NR
2013,"Benjamin Banneker Charter Public",04200000,NA,NA,NA,0,-,-,32,32,100,5,-,-,2014-15,-,"Spring 2011",-,-,2012-13,NR,NR
2013,"Boston Day and Evening Academy Charter",04240000,27,4,14.8,50,19,38,50,50,100,0,-,-,NA,NA,"Spring 2011",-,-,2012-13,2,66.7
2013,"Community Day Charter Public School - Gateway",04260000,NA,NA,NA,0,-,-,4,-,-,6,1,16.7,NA,NA,"Spring 2013",-,-,2010-11,NA,NA
2013,"Barnstable Community Horace Mann Charter Public",04270000,NA,NA,NA,0,-,-,20,20,100,2,-,-,2014-15,-,"Spring 2013",-,-,2012-13,NR,NR
2013,"Edward Brooke Charter",04280000,NA,NA,NA,0,-,-,26,26,100,3,-,-,NA,NA,"Spring 2012",-,-,2011-12,NA,NA
2013,"KIPP Academy Lynn Charter",04290000,NA,NA,NA,21,0,0,80,58,72.5,0,-,-,2011-12,NA,"Spring 2012",-,-,2009-10,NA,NA
2013,"Advanced Math and Science Academy Charter",04300000,4,-,-,18,0,0,32,29,90.6,0,-,-,NA,NA,"Spring 2012",11,69,2011-12,7,100
2013,"Community Day Charter Public School â€“ R. Kingman Webster",04310000,NA,NA,NA,0,-,-,4,-,-,1,-,-,NA,NA,"Spring 2013",-,-,2010-11,NA,NA
2013,"Cape Cod Lighthouse Charter",04320000,NA,NA,NA,0,-,-,30,22,73.3,0,-,-,NA,NA,"Spring 2012",9,82,2011-12,NA,NA
2013,"Innovation Academy Charter",04350000,9,8,88.9,64,0,0,140,137,97.9,0,-,-,NA,NA,"Spring 2011",14,100,2012-13,3,100
2013,"Community Charter School of Cambridge",04360000,8,5,62.5,38,0,0,69,69,100,0,-,-,2011-12,NA,"Spring 2012",-,-,2011-12,2,100
2013,"City On A Hill Charter Public",04370000,10,3,30,51,1,2,51,29,56.9,0,-,-,NA,NA,"Spring 2011",-,-,2012-13,6,100
2013,"Codman Academy Charter Public",04380000,9,3,33.3,32,3,9.4,32,27,84.4,0,-,-,NA,NA,"Spring 2013",-,-,2010-11,2,100
2013,"Conservatory Lab Charter",04390000,NA,NA,NA,0,-,-,14,10,71.4,1,-,-,2014-15,-,"Spring 2011",-,-,2012-13,NR,NR
2013,"Community Day Charter Public School - Prospect",04400000,NA,NA,NA,0,-,-,37,36,97.3,2,-,-,NA,NA,"Spring 2012",-,-,2011-12,NA,NA
2013,"Sabis International Charter",04410000,16,13,81.3,59,1,1.7,198,35,17.7,3,-,-,NA,NA,"Spring 2012",-,-,2011-12,9,100
2013,"Edward W. Brooke Charter School 2",04430000,NA,NA,NA,0,-,-,22,20,90.9,2,-,-,NA,NA,"Spring 2012",-,-,2011-12,NA,NA
2013,"Neighborhood House Charter",04440000,NA,NA,NA,0,-,-,56,54,96.4,1,-,-,2013-14,-,"Spring 2012",-,-,2011-12,NA,NA
2013,"Abby Kelley Foster Charter Public",04450000,11,11,100,30,0,0,156,145,92.9,6,1,16.7,NA,NA,"Spring 2013",-,-,2010-11,5,100
2013,"Foxborough Regional Charter",04460000,5,-,-,23,0,0,117,117,100,2,-,-,2014-15,-,"Spring 2011",8,61.4,2012-13,1,100
2013,"Benjamin Franklin Classical Charter Public",04470000,NA,NA,NA,0,-,-,34,32,94.1,3,-,-,2011-12,NA,"Spring 2012",14,88,2009-10,NA,NA
2013,"Gloucester Community Arts Charter",04480000,NA,NA,NA,0,-,-,23,23,100,3,-,-,NA,NA,"Spring 2012",-,-,2012-13,NR,NR
2013,"Boston Collegiate Charter",04490000,4,-,-,31,0,0,107,91,85,0,-,-,NA,NA,"Spring 2011",-,-,2012-13,5,100
2013,"Hilltown Cooperative Charter Public",04500000,NA,NA,NA,0,-,-,23,23,100,0,-,-,NA,NA,"Spring 2013",-,-,2010-11,NA,NA
2013,"Edward M. Kennedy Academy for Health Careers (Horace Mann Charter School)",04520000,1,-,-,34,0,0,34,22,64.7,0,-,-,NA,NA,"Spring 2013",-,-,2010-11,1,100
2013,"Holyoke Community Charter",04530000,NA,NA,NA,0,-,-,74,28,37.8,6,6,100,NA,NA,"Spring 2012",-,-,2011-12,NA,NA
2013,"Lawrence Family Development Charter",04540000,NA,NA,NA,0,-,-,24,24,100,8,8,100,2014-15,-,"Spring 2011",-,-,2012-13,NR,NR
2013,"Hill View Montessori Charter Public",04550000,NA,NA,NA,0,-,-,59,55,93.2,0,-,-,NA,NA,"Spring 2013",-,-,2010-11,NA,NA
2013,"Lowell Community Charter Public",04560000,NA,NA,NA,0,-,-,87,85,97.7,2,-,-,NA,NA,"Spring 2012",21,88,2011-12,NA,NA
2013,"Edward W. Brooke Charter School 3",04570000,NA,NA,NA,0,-,-,9,7,77.8,5,-,-,NA,NA,"Spring 2013",NA,NA,2011-12,NA,NA
2013,"Lowell Middlesex Academy Charter",04580000,20,2,10,29,10,34.5,29,23,79.3,0,-,-,NA,NA,"Spring 2011",-,-,2012-13,5,71.4
2013,"Excel Academy Charter School - Boston II",04590000,NA,NA,NA,0,-,-,5,-,-,0,-,-,NA,NA,"Spring 2013",-,-,2010-11,NA,NA
2013,"Excel Academy Charter School - Chelsea",04610000,NA,NA,NA,0,-,-,13,12,92.3,0,-,-,NA,NA,"Spring 2013",-,-,2010-11,NA,NA
2013,"KIPP Academy Boston Charter School",04630000,NA,NA,NA,0,-,-,13,13,100,0,-,-,2014-15,-,"Spring 2013",NA,NA,2012-13,NR,NR
2013,"Marblehead Community Charter Public",04640000,NA,NA,NA,0,-,-,37,37,100,0,-,-,2011-12,NA,"Spring 2012",-,-,2009-10,NA,NA
2013,"MATCH Community Day Charter Public School",04650000,NA,NA,NA,0,-,-,14,12,85.7,9,2,22.2,2014-15,-,"Spring 2012",NA,NA,2012-13,NR,NR
2013,"Martha's Vineyard Charter",04660000,1,-,-,10,0,0,29,22,75.9,0,-,-,2011-12,NA,"Spring 2012",-,-,2009-10,4,100
2013,"Salem Community Charter School",04670000,3,-,-,12,4,33.3,12,6,50,0,-,-,2011-12,NA,"Spring 2012",-,-,2009-10,NA,NA
2013,"Ma Academy for Math and Science",04680000,0,0,0,0,-,-,NA,NA,NA,0,-,-,NA,NA,"Spring 2012",-,-,2011-12,NA,NA
2013,"MATCH Charter Public School",04690000,7,2,28.6,39,1,2.6,83,73,88,0,-,-,NA,NA,"Spring 2011",-,-,2012-13,NR,NR
2013,"Mystic Valley Regional Charter",04700000,5,-,-,39,0,0,206,205,99.5,1,-,-,2014-15,-,"Spring 2011",63,95.4,2012-13,0,0
2013,"New Leadership Charter",04710000,4,-,-,27,1,3.7,50,16,32,0,-,-,NA,NA,"Spring 2011",-,-,2012-13,NR,NR
2013,"North Central Charter Essential",04740000,16,14,87.5,63,0,0,83,69,83.1,0,-,-,2011-12,NA,"Spring 2012",-,-,2009-10,1,100
2013,"Dorchester Collegiate Academy Charter",04750000,NA,NA,NA,0,-,-,11,11,100,0,-,-,NA,NA,"Spring 2012",-,-,2011-12,NA,NA
2013,"Spirit of Knowledge Charter School",04760000,NA,NA,NA,13,0,0,30,29,96.7,0,-,-,NA,NA,"Spring 2013",NA,NA,2011-12,NA,NA
2013,"Silver Hill Horace Mann Charter",04770000,NA,NA,NA,0,-,-,78,26,33.3,8,3,37.5,2011-12,NA,"Spring 2012",-,-,2009-10,NA,NA
2013,"Francis W. Parker Charter Essential",04780000,11,8,72.7,48,0,0,78,76,97.4,0,-,-,NA,NA,"Spring 2013",-,-,2010-11,4,100
2013,"Pioneer Valley Performing Arts Charter Public",04790000,8,7,87.5,42,1,2.4,60,56,93.3,0,-,-,NA,NA,"Spring 2013",-,-,2010-11,9,100
2013,"UP Academy Charter School of Boston",04800000,NA,NA,NA,0,-,-,122,39,32,0,-,-,2011-12,NA,"Spring 2012",-,-,2009-10,NA,NA
2013,"Boston Renaissance Charter Public",04810000,NA,NA,NA,0,-,-,94,53,56.4,5,-,-,2014-15,-,"Spring 2011",-,-,2012-13,NR,NR
2013,"River Valley Charter",04820000,NA,NA,NA,0,-,-,35,35,100,0,-,-,2011-12,NA,"Spring 2012",-,-,2009-10,NA,NA
2013,"Rising Tide Charter Public",04830000,NA,NA,NA,13,0,0,54,52,96.3,0,-,-,2011-12,NA,"Spring 2012",-,-,2009-10,NA,NA
2013,"Roxbury Preparatory Charter",04840000,NA,NA,NA,0,-,-,82,82,100,0,-,-,NA,NA,"Spring 2011",-,-,2012-13,NR,NR
2013,"Salem Academy Charter",04850000,4,-,-,22,2,9.1,48,48,100,0,-,-,NA,NA,"Spring 2011",-,-,2012-13,3,100
2013,"Seven Hills Charter Public",04860000,NA,NA,NA,0,-,-,58,48,82.8,8,0,0,2011-12,NA,"Spring 2012",-,-,2009-10,NA,NA
2013,"Prospect Hill Academy Charter",04870000,8,6,75,39,0,0,148,132,89.2,5,-,-,2011-12,-,"Spring 2012",-,-,2009-10,2,100
2013,"South Shore Charter Public",04880000,8,8,100,32,0,0,70,63,90,2,-,-,2011-12,NA,"Spring 2012",14,100,2009-10,3,100
2013,"Sturgis Charter Public",04890000,11,10,90.9,77,0,0,77,77,100,0,-,-,NA,NA,"Spring 2013",32,88.9,2010-11,14,100
2013,"Atlantis Charter",04910000,NA,NA,NA,0,-,-,84,77,91.7,3,-,-,2014-15,-,"Spring 2011",-,-,2012-13,NR,NR
2013,"Martin Luther King Jr. Charter School of Excellence",04920000,NA,NA,NA,0,-,-,42,39,92.9,2,-,-,2014-15,-,"Spring 2011",-,-,2012-13,NR,NR
2013,"Phoenix Charter Academy",04930000,11,2,18.2,29,5,17.2,29,16,55.2,0,-,-,NA,NA,"Spring 2012",-,-,2011-12,3,100
2013,"Pioneer Charter School of Science",04940000,7,7,100,21,0,0,31,28,90.3,0,-,-,2011-12,NA,"Spring 2012",-,-,2009-10,NA,NA
2013,"Global Learning Charter Public",04960000,3,-,-,16,0,0,76,76,100,0,-,-,NA,NA,"Spring 2012",14,88,2011-12,1,25
2013,"Pioneer Valley Chinese Immersion Charter",04970000,NA,NA,NA,0,-,-,18,17,94.4,1,-,-,2014-15,-,"Spring 2011",-,-,2012-13,NR,NR
2013,"Veritas Preparatory Charter School",04980000,NA,NA,NA,0,-,-,11,6,54.5,0,-,-,NA,NA,"Spring 2013",NA,NA,2011-12,NA,NA
2013,"Hampden Charter School of Science",04990000,3,-,-,21,2,9.5,35,30,85.7,0,-,-,2011-12,NA,"Spring 2012",-,-,2009-10,NA,NA
2013,Acton-Boxborough,06000000,72,59,81.9,265,2,0.8,481,346,71.9,0,-,-,NA,NA,"Spring 2011",-,-,2012-13,25,96.2
2013,Adams-Cheshire,06030000,21,15,71.4,64,1,1.6,231,125,54.1,36,25,69.4,2013-14,61.5,"Spring 2012",33,83,2011-12,7,100
2013,Amherst-Pelham,06050000,76,58,76.3,202,6,3,317,159,50.2,0,-,-,NA,NA,"Spring 2012",50,77,2011-12,23,88.5
2013,Ashburnham-Westminster,06100000,31,23,74.2,87,2,2.3,365,229,62.7,38,16,42.1,2013-14,77.8,"Spring 2012",47,87,2011-12,1,50
2013,Athol-Royalston,06150000,35,18,51.4,91,7,7.7,353,209,59.2,31,5,16.1,2014-15,-,"Spring 2011",12,100,2012-13,16,94.1
2013,"Ayer Shirley School District",06160000,15,6,40,47,4,8.5,336,208,61.9,26,16,61.5,2012-13,-,"Spring 2013",13,86.6,2010-11,NA,NA
2013,"Berkshire Hills",06180000,23,16,69.6,69,1,1.4,174,152,87.4,10,1,10,2011-12,-,"Spring 2012",-,-,2009-10,4,100
2013,Berlin-Boylston,06200000,15,8,53.3,38,0,0,76,45,59.2,0,-,-,NA,NA,"Spring 2013",-,-,2010-11,3,100
2013,Blackstone-Millville,06220000,17,9,52.9,47,0,0,261,122,46.7,28,20,71.4,2014-15,-,"Spring 2011",12,60,2012-13,5,83.3
2013,Bridgewater-Raynham,06250000,57,44,77.2,157,3,1.9,717,509,71,110,50,45.5,2011-12,-,"Spring 2012",45,75,2009-10,10,83.3
2013,Chesterfield-Goshen,06320000,NA,NA,NA,0,-,-,17,16,94.1,3,-,-,2014-15,-,"Spring 2011",-,-,2012-13,NR,NR
2013,"Central Berkshire",06350000,11,7,63.6,42,2,4.8,227,178,78.4,35,20,57.1,2012-13,-,"Spring 2013",43,79.6,2010-11,17,94.4
2013,Concord-Carlisle,06400000,60,52,86.7,175,0,0,215,105,48.8,0,-,-,NA,NA,"Spring 2012",30,97,2011-12,8,100
2013,Dennis-Yarmouth,06450000,26,17,65.4,105,10,9.5,483,320,66.3,50,19,38,2013-14,65,"Spring 2012",-,-,2011-12,29,100
2013,Dighton-Rehoboth,06500000,34,27,79.4,113,2,1.8,393,331,84.2,45,31,68.9,2011-12,-,"Spring 2012",-,-,2009-10,34,82.9
2013,Dover-Sherborn,06550000,26,22,84.6,75,0,0,175,144,82.3,0,-,-,NA,NA,"Spring 2011",-,-,2012-13,10,100
2013,"Dudley-Charlton Reg",06580000,18,14,77.8,81,3,3.7,439,253,57.6,61,25,41,2013-14,-,"Spring 2012",30,83,2011-12,3,15.8
2013,Nauset,06600000,41,34,82.9,125,2,1.6,258,135,52.3,0,-,-,2010-11,83.3,"Spring 2012",22,85,2011-12,8,100
2013,"Farmington River Reg",06620000,NA,NA,NA,0,-,-,21,12,57.1,6,0,0,2011-12,-,"Spring 2012",-,-,2009-10,NA,NA
2013,Freetown-Lakeville,06650000,30,27,90,118,2,1.7,438,278,63.5,42,18,42.9,2012-13,100,"Spring 2013",51,89.5,2011-12,19,82.6
2013,Frontier,06700000,23,17,73.9,66,3,4.5,117,38,32.5,0,-,-,2011-12,NA,"Spring 2012",-,-,2011-12,11,100
2013,Gateway,06720000,17,6,35.3,27,0,0,116,80,69,21,13,61.9,2011-12,-,"Spring 2012",14,93,2009-10,0,0
2013,Groton-Dunstable,06730000,33,25,75.8,73,1,1.4,335,247,73.7,44,35,79.5,2011-12,-,"Spring 2012",25,78,2009-10,14,100
2013,Gill-Montague,06740000,25,15,60,56,2,3.6,185,87,47,14,1,7.1,2011-12,-,"Spring 2012",-,-,2009-10,0,0
2013,Hamilton-Wenham,06750000,26,23,88.5,62,1,1.6,243,168,69.1,18,14,77.8,2013-14,-,"Spring 2012",54,81,2011-12,10,100
2013,Hampden-Wilbraham,06800000,86,72,83.7,156,1,0.6,507,238,46.9,30,29,96.7,2013-14,-,"Spring 2012",68,76,2011-12,23,95.8
2013,Hampshire,06830000,20,18,90,79,2,2.5,145,46,31.7,0,-,-,NA,NA,"Spring 2011",13,86.6,2012-13,16,100
2013,Hawlemont,06850000,NA,NA,NA,0,-,-,22,12,54.5,4,-,-,2011-12,-,"Spring 2012",-,-,2009-10,NA,NA
2013,"King Philip",06900000,43,35,81.4,129,0,0,291,145,49.8,0,-,-,2010-11,92.3,"Spring 2012",16,76,2011-12,19,100
2013,Lincoln-Sudbury,06950000,86,77,89.5,264,2,0.8,318,182,57.2,0,-,-,NA,NA,"Spring 2011",-,-,2012-13,27,100
2013,"Manchester Essex Regional",06980000,23,14,60.9,67,0,0,219,172,78.5,15,5,33.3,2014-15,-,"Spring 2011",26,74.2,2012-13,8,88.9
2013,"Marthas Vineyard",07000000,53,44,83,169,1,0.6,177,131,74,0,-,-,NA,NA,"Spring 2013",12,100,2010-11,38,97.4
2013,Masconomet,07050000,42,36,85.7,164,2,1.2,319,197,61.8,0,-,-,2010-11,60.9,"Spring 2013",27,73,2010-11,15,100
2013,Mendon-Upton,07100000,27,23,85.2,87,0,0,331,163,49.2,28,5,17.9,2011-12,-,"Spring 2012",-,-,2009-10,11,100
2013,"Monomoy Regional School District",07120000,20,14,70,74,3,4.1,275,189,68.7,33,25,75.8,2014-15,-,"Spring 2013",NA,NA,2011-12,NA,NA
2013,"Mount Greylock",07150000,17,9,52.9,35,2,5.7,68,38,55.9,0,-,-,NA,NA,"Spring 2013",-,-,2010-11,11,100
2013,"Mohawk Trail",07170000,22,12,54.5,64,5,7.8,186,79,42.5,18,1,5.6,2011-12,-,"Spring 2012",10,83,2009-10,11,100
2013,Narragansett,07200000,18,14,77.8,41,2,4.9,157,118,75.2,16,7,43.8,2013-14,-,"Spring 2012",-,-,2011-12,1,100
2013,Nashoba,07250000,23,17,73.9,93,1,1.1,375,254,67.7,42,22,52.4,2011-12,-,"Spring 2012",112,93,2009-10,15,88.2
2013,"New Salem-Wendell",07280000,NA,NA,NA,0,-,-,17,14,82.4,4,-,-,2013-14,-,"Spring 2012",-,-,2011-12,NA,NA
2013,Northboro-Southboro,07300000,55,49,89.1,146,1,0.7,159,119,74.8,0,-,-,NA,NA,"Spring 2012",49,82,2011-12,12,100
2013,"North Middlesex",07350000,50,38,76,125,3,2.4,593,371,62.6,53,12,22.6,2014-15,-,"Spring 2011",39,79.6,2012-13,17,89.5
2013,"Old Rochester",07400000,17,13,76.5,79,3,3.8,144,123,85.4,0,-,-,2011-12,-,"Spring 2012",-,-,2009-10,6,85.7
2013,Pentucket,07450000,36,28,77.8,98,2,2,444,303,68.2,47,22,46.8,2012-13,-,"Spring 2013",71,70.2,2010-11,5,100
2013,"Pioneer Valley",07500000,13,11,84.6,37,0,0,141,110,78,15,1,6.7,2013-14,-,"Spring 2012",-,-,2011-12,16,100
2013,Quabbin,07530000,23,17,73.9,89,2,2.2,410,273,66.6,39,25,64.1,2012-13,100,"Spring 2013",26,78.8,2010-11,11,100
2013,"Ralph C Mahar",07550000,23,11,47.8,63,2,3.2,122,70,57.4,0,-,-,NA,NA,"Spring 2012",-,-,2011-12,14,93.3
2013,"Silver Lake",07600000,43,38,88.4,155,0,0,252,153,60.7,39,19,48.7,2013-14,66.7,"Spring 2012",32,89,2011-12,5,83.3
2013,"Somerset Berkley Regional School District",07630000,19,13,68.4,85,9,10.6,108,72,66.7,0,-,-,NA,NA,"Spring 2012",-,-,2011-12,5,45.5
2013,"Southern Berkshire",07650000,14,11,78.6,48,2,4.2,137,106,77.4,11,3,27.3,2013-14,-,"Spring 2012",-,-,2011-12,5,100
2013,Southwick-Tolland,07660000,26,19,73.1,65,2,3.1,253,186,73.5,29,15,51.7,2012-13,-,"Spring 2013",17,70.7,2010-11,4,40
2013,"Spencer-E Brookfield",07670000,12,10,83.3,61,3,4.9,343,244,71.1,61,34,55.7,2014-15,-,"Spring 2011",17,65.4,2012-13,4,100
2013,Tantasqua,07700000,47,40,85.1,132,2,1.5,242,134,55.4,0,-,-,2011-12,NA,"Spring 2012",26,84,2009-10,3,37.5
2013,Triton,07730000,37,25,67.6,118,0,0,416,327,78.6,49,5,10.2,2013-14,-,"Spring 2012",-,-,2011-12,3,100
2013,"Up-Island Regional",07740000,NA,NA,NA,0,-,-,57,47,82.5,4,-,-,2012-13,-,"Spring 2013",-,-,2010-11,NA,NA
2013,Wachusett,07750000,77,54,70.1,244,8,3.3,964,665,69,103,28,27.2,2011-12,-,"Spring 2012",119,86,2009-10,20,95.2
2013,"Quaboag Regional",07780000,19,12,63.2,51,0,0,208,139,66.8,22,13,59.1,2014-15,-,"Spring 2011",6,50,2012-13,14,100
2013,Whitman-Hanson,07800000,60,51,85,165,2,1.2,584,413,70.7,48,33,68.8,2012-13,47.1,"Spring 2013",88,78.6,2010-11,NA,NA
2013,"Assabet Valley Regional Vocational Technical",08010000,74,63,85.1,305,8,2.6,305,305,100,0,-,-,2011-12,NA,"Spring 2012",-,-,2009-10,31,75.6
2013,"Blackstone Valley Regional Vocational Technical",08050000,40,36,90,121,1,0.8,121,72,59.5,0,-,-,NA,NA,"Spring 2013",-,-,2010-11,13,92.9
2013,"Blue Hills Regional Vocational Technical",08060000,57,55,96.5,193,1,0.5,193,161,83.4,0,-,-,NA,NA,"Spring 2012",-,-,2011-12,23,100
2013,"Bristol-Plymouth Regional Vocational Technical",08100000,44,42,95.5,184,0,0,184,184,100,0,-,-,NA,NA,"Spring 2011",-,-,2012-13,28,96.6
2013,"Cape Cod Regional Vocational Technical",08150000,54,53,98.1,158,3,1.9,159,105,66,0,-,-,NA,NA,"Spring 2011",-,-,2012-13,29,100
2013,"Franklin County Regional Vocational Technical",08180000,31,28,90.3,148,0,0,148,41,27.7,0,-,-,NA,NA,"Spring 2011",-,-,2012-13,17,94.4
2013,"Greater Fall River Regional Vocational Technical",08210000,32,29,90.6,141,1,0.7,141,14,9.9,0,-,-,2011-12,NA,"Spring 2012",11,100,2009-10,7,63.6
2013,"Greater Lawrence Regional Vocational Technical",08230000,73,59,80.8,282,4,1.4,282,216,76.6,0,-,-,NA,NA,"Spring 2011",-,-,2012-13,36,92.3
2013,"Greater New Bedford Regional Vocational Technical",08250000,46,40,87,201,0,0,201,177,88.1,0,-,-,2011-12,NA,"Spring 2012",-,-,2009-10,18,100
2013,"Greater Lowell Regional Vocational Technical",08280000,96,83,86.5,455,5,1.1,478,412,86.2,0,-,-,NA,NA,"Spring 2012",43,92,2011-12,3,100
2013,"South Middlesex Regional Vocational Technical",08290000,66,61,92.4,318,1,0.3,318,226,71.1,0,-,-,NA,NA,"Spring 2013",12,100,2010-11,34,91.9
2013,"Minuteman Regional Vocational Technical",08300000,62,52,83.9,324,3,0.9,324,321,99.1,0,-,-,NA,NA,"Spring 2012",30,73,2011-12,12,100
2013,"Montachusett Regional Vocational Technical",08320000,65,62,95.4,219,0,0,219,219,100,0,-,-,NA,NA,"Spring 2011",18,90,2012-13,27,93.1
2013,"Northern Berkshire Regional Vocational Technical",08510000,20,16,80,72,1,1.4,72,26,36.1,0,-,-,2011-12,NA,"Spring 2012",-,-,2009-10,11,68.8
2013,"Nashoba Valley Regional Vocational Technical",08520000,54,53,98.1,254,2,0.8,254,236,92.9,0,-,-,NA,NA,"Spring 2012",11,92,2011-12,1,100
2013,"Northeast Metropolitan Regional Vocational Technical",08530000,75,71,94.7,313,1,0.3,313,277,88.5,0,-,-,NA,NA,"Spring 2011",12,85.6,2012-13,37,94.9
2013,"North Shore Regional Vocational Technical",08540000,39,37,94.9,140,0,0,140,139,99.3,0,-,-,NA,NA,"Spring 2011",71,94.6,2012-13,25,96.2
2013,"Old Colony Regional Vocational Technical",08550000,28,28,100,132,1,0.8,132,129,97.7,0,-,-,NA,NA,"Spring 2013",13,86.6,2010-11,22,91.7
2013,"Pathfinder Regional Vocational Technical",08600000,49,37,75.5,194,2,1,201,136,67.7,0,-,-,NA,NA,"Spring 2013",-,-,2010-11,22,91.7
2013,"Shawsheen Valley Regional Vocational Technical",08710000,84,82,97.6,355,1,0.3,355,274,77.2,0,-,-,2011-12,NA,"Spring 2012",19,100,2009-10,63,87.5
2013,"Southeastern Regional Vocational Technical",08720000,85,78,91.8,285,8,2.8,285,230,80.7,0,-,-,NA,NA,"Spring 2011",-,-,2012-13,54,98.2
2013,"South Shore Regional Vocational Technical",08730000,52,46,88.5,165,2,1.2,166,84,50.6,0,-,-,2011-12,NA,"Spring 2012",-,-,2009-10,31,88.6
2013,"Southern Worcester County Regional Vocational Technical",08760000,61,53,86.9,235,2,0.9,235,160,68.1,0,-,-,NA,NA,"Spring 2013",-,-,2010-11,33,94.3
2013,"Tri County Regional Vocational Technical",08780000,71,65,91.5,289,1,0.3,289,288,99.7,0,-,-,NA,NA,"Spring 2013",-,-,2010-11,26,92.9
2013,"Upper Cape Cod Regional Vocational Technical",08790000,35,35,100,129,0,0,129,109,84.5,0,-,-,NA,NA,"Spring 2012",-,-,2011-12,1,100
2013,"Whittier Regional Vocational Technical",08850000,65,63,96.9,273,1,0.4,273,206,75.5,0,-,-,NA,NA,"Spring 2013",21,100,2010-11,29,100
2013,"Bristol County Agricultural",09100000,17,17,100,43,0,0,43,43,100,0,-,-,NA,NA,"Spring 2013",-,-,2010-11,6,100
2013,"Essex Agricultural Technical",09130000,16,14,87.5,63,0,0,63,60,95.2,0,-,-,NA,NA,"Spring 2013",NA,NA,2010-11,11,78.6
2013,"Norfolk County Agricultural",09150000,22,22,100,63,0,0,63,63,100,0,-,-,NA,NA,"Spring 2012",-,-,2011-12,3,100
