FY_CODE,ORG_CODE,ORG_NAME,ESTATUS,MSTATUS
2007,00000000,"State Totals",,
2007,00010000,Abington,,
2007,00020000,Acton,"Improvement Year 1 - Subgroups",
2007,00030000,Acushnet,,
2007,00050000,Agawam,"Improvement Year 1 - Subgroups","Improvement Year 1 - Subgroups"
2007,00070000,Amesbury,,
2007,00080000,Amherst,"Corrective Action - Subgroups","Improvement Year 1 - Subgroups"
2007,00090000,Andover,,
2007,00100000,Arlington,,
2007,00140000,Ashland,,
2007,00160000,Attleboro,,
2007,00170000,Auburn,,
2007,00180000,Avon,,
2007,00190000,Ayer,,
2007,00200000,Barnstable,,
2007,00230000,Bedford,,
2007,00240000,Belchertown,,
2007,00250000,Bellingham,,
2007,00260000,Belmont,,
2007,00270000,Berkley,,
2007,00280000,Berlin,,
2007,00300000,Beverly,,
2007,00310000,Billerica,,
2007,00350000,Boston,"Corrective Action - Subgroups","Corrective Action - Subgroups"
2007,00360000,Bourne,,
2007,00370000,Boxborough,,
2007,00380000,Boxford,,
2007,00390000,Boylston,,
2007,00400000,Braintree,,
2007,00410000,Brewster,,
2007,00430000,Brimfield,,
2007,00440000,Brockton,"Corrective Action - Subgroups","Corrective Action - Subgroups"
2007,00450000,Brookfield,,
2007,00460000,Brookline,,
2007,00480000,Burlington,,
2007,00490000,Cambridge,,
2007,00500000,Canton,,
2007,00510000,Carlisle,,
2007,00520000,Carver,,
2007,00550000,Chatham,,
2007,00560000,Chelmsford,,
2007,00570000,Chelsea,"Improvement Year 2 - Subgroups","Improvement Year 2 - Subgroups"
2007,00610000,Chicopee,"Corrective Action - Subgroups","Corrective Action - Subgroups"
2007,00630000,Clarksburg,,
2007,00640000,Clinton,,
2007,00650000,Cohasset,,
2007,00670000,Concord,,
2007,00680000,Conway,,
2007,00710000,Danvers,,
2007,00720000,Dartmouth,,
2007,00730000,Dedham,,
2007,00740000,Deerfield,,
2007,00770000,Douglas,,
2007,00780000,Dover,,
2007,00790000,Dracut,,
2007,00820000,Duxbury,,
2007,00830000,"East Bridgewater",,
2007,00850000,Eastham,,
2007,00860000,Easthampton,,
2007,00870000,"East Longmeadow",,
2007,00880000,Easton,,
2007,00890000,Edgartown,,
2007,00910000,Erving,,
2007,00930000,Everett,"Corrective Action - Subgroups","Corrective Action"
2007,00940000,Fairhaven,,
2007,00950000,"Fall River","Corrective Action - Subgroups","Corrective Action - Subgroups"
2007,00960000,Falmouth,,"Corrective Action - Subgroups"
2007,00970000,Fitchburg,"Improvement Year 2 - Subgroups","Improvement Year 2 - Subgroups"
2007,00980000,Florida,,
2007,00990000,Foxborough,,
2007,01000000,Framingham,,
2007,01010000,Franklin,,
2007,01020000,Freetown,,
2007,01030000,Gardner,"Corrective Action - Subgroups","Corrective Action - Subgroups"
2007,01050000,Georgetown,,
2007,01070000,Gloucester,,"Corrective Action - Subgroups"
2007,01090000,Gosnold,,
2007,01100000,Grafton,,
2007,01110000,Granby,,
2007,01120000,Granville,,"Improvement Year 1"
2007,01140000,Greenfield,,"Corrective Action - Subgroups"
2007,01170000,Hadley,,
2007,01180000,Halifax,,
2007,01210000,Hancock,,
2007,01220000,Hanover,,
2007,01250000,Harvard,,
2007,01260000,Harwich,,
2007,01270000,Hatfield,,
2007,01280000,Haverhill,"Corrective Action - Subgroups","Corrective Action - Subgroups"
2007,01310000,Hingham,,
2007,01330000,Holbrook,"Corrective Action",
2007,01350000,Holland,,
2007,01360000,Holliston,,
2007,01370000,Holyoke,"Corrective Action","Corrective Action"
2007,01380000,Hopedale,,
2007,01390000,Hopkinton,,
2007,01410000,Hudson,,
2007,01420000,Hull,,
2007,01440000,Ipswich,,
2007,01450000,Kingston,,
2007,01460000,Lakeville,,
2007,01480000,Lanesborough,,
2007,01490000,Lawrence,"Corrective Action","Corrective Action - Subgroups"
2007,01500000,Lee,,
2007,01510000,Leicester,,
2007,01520000,Lenox,,
2007,01530000,Leominster,"Corrective Action",
2007,01540000,Leverett,,
2007,01550000,Lexington,,
2007,01570000,Lincoln,,
2007,01580000,Littleton,,
2007,01590000,Longmeadow,,
2007,01600000,Lowell,"Corrective Action - Subgroups","Corrective Action - Subgroups"
2007,01610000,Ludlow,,"Corrective Action - Subgroups"
2007,01620000,Lunenburg,,
2007,01630000,Lynn,"Corrective Action","Corrective Action - Subgroups"
2007,01640000,Lynnfield,,
2007,01650000,Malden,"Corrective Action - Subgroups",
2007,01670000,Mansfield,,
2007,01680000,Marblehead,,
2007,01690000,Marion,,
2007,01700000,Marlborough,,"Corrective Action - Subgroups"
2007,01710000,Marshfield,,
2007,01720000,Mashpee,,
2007,01730000,Mattapoisett,,
2007,01740000,Maynard,,
2007,01750000,Medfield,,
2007,01760000,Medford,,"Corrective Action - Subgroups"
2007,01770000,Medway,,
2007,01780000,Melrose,,
2007,01810000,Methuen,"Corrective Action - Subgroups","Corrective Action - Subgroups"
2007,01820000,Middleborough,,
2007,01840000,Middleton,,
2007,01850000,Milford,,
2007,01860000,Millbury,,
2007,01870000,Millis,,
2007,01890000,Milton,,
2007,01910000,Monson,,
2007,01960000,Nahant,,
2007,01970000,Nantucket,,
2007,01980000,Natick,,
2007,01990000,Needham,,
2007,02010000,"New Bedford","Corrective Action","Corrective Action - Subgroups"
2007,02040000,Newburyport,,
2007,02070000,Newton,,
2007,02080000,Norfolk,"Improvement Year 1 - Subgroups","Improvement Year 1 - Subgroups"
2007,02090000,"North Adams",,
2007,02100000,Northampton,,
2007,02110000,"North Andover",,
2007,02120000,"North Attleborough",,
2007,02130000,Northborough,,
2007,02140000,Northbridge,,
2007,02150000,"North Brookfield",,
2007,02170000,"North Reading",,
2007,02180000,Norton,,
2007,02190000,Norwell,,
2007,02200000,Norwood,,
2007,02210000,"Oak Bluffs",,
2007,02230000,Orange,"Improvement Year 2 - Subgroups",
2007,02240000,Orleans,,
2007,02260000,Oxford,,
2007,02270000,Palmer,,
2007,02290000,Peabody,"Improvement Year 2 - Subgroups","Corrective Action - Subgroups"
2007,02300000,Pelham,,
2007,02310000,Pembroke,,
2007,02340000,Petersham,,
2007,02360000,Pittsfield,"Corrective Action - Subgroups","Corrective Action - Subgroups"
2007,02380000,Plainville,,
2007,02390000,Plymouth,"Improvement Year 1 - Subgroups","Corrective Action - Subgroups"
2007,02400000,Plympton,,
2007,02420000,Provincetown,,
2007,02430000,Quincy,"Improvement Year 2 - Subgroups",
2007,02440000,Randolph,"Improvement Year 2 - Subgroups","Improvement Year 1 - Subgroups"
2007,02460000,Reading,,
2007,02480000,Revere,"Corrective Action - Subgroups",
2007,02490000,Richmond,,
2007,02500000,Rochester,,
2007,02510000,Rockland,,
2007,02520000,Rockport,,
2007,02530000,Rowe,,
2007,02580000,Salem,"Corrective Action - Subgroups","Corrective Action - Subgroups"
2007,02610000,Sandwich,,
2007,02620000,Saugus,,
2007,02630000,Savoy,,
2007,02640000,Scituate,,
2007,02650000,Seekonk,,
2007,02660000,Sharon,,
2007,02690000,Sherborn,,
2007,02700000,Shirley,,
2007,02710000,Shrewsbury,,
2007,02720000,Shutesbury,,
2007,02730000,Somerset,,
2007,02740000,Somerville,"Corrective Action","Corrective Action - Subgroups"
2007,02750000,Southampton,,"Improvement Year 1 - Subgroups"
2007,02760000,Southborough,,
2007,02770000,Southbridge,"Corrective Action - Subgroups",
2007,02780000,"South Hadley",,
2007,02810000,Springfield,"Corrective Action","Corrective Action - Subgroups"
2007,02840000,Stoneham,,
2007,02850000,Stoughton,"Improvement Year 1 - Subgroups",
2007,02870000,Sturbridge,,
2007,02880000,Sudbury,,
2007,02890000,Sunderland,,
2007,02900000,Sutton,,
2007,02910000,Swampscott,,
2007,02920000,Swansea,,
2007,02930000,Taunton,,
2007,02950000,Tewksbury,,
2007,02960000,Tisbury,,
2007,02980000,Topsfield,,
2007,03000000,Truro,,
2007,03010000,Tyngsborough,,
2007,03040000,Uxbridge,,
2007,03050000,Wakefield,,
2007,03060000,Wales,,
2007,03070000,Walpole,,
2007,03080000,Waltham,"Improvement Year 2 - Subgroups",
2007,03090000,Ware,,
2007,03100000,Wareham,"Corrective Action - Subgroups","Corrective Action - Subgroups"
2007,03140000,Watertown,,
2007,03150000,Wayland,,
2007,03160000,Webster,,
2007,03170000,Wellesley,,
2007,03180000,Wellfleet,,
2007,03210000,Westborough,,
2007,03220000,"West Boylston",,
2007,03230000,"West Bridgewater",,
2007,03250000,Westfield,"Corrective Action - Subgroups","Corrective Action - Subgroups"
2007,03260000,Westford,,
2007,03270000,Westhampton,"Improvement Year 1",
2007,03300000,Weston,,
2007,03310000,Westport,,
2007,03320000,"West Springfield",,
2007,03350000,Westwood,,
2007,03360000,Weymouth,"Improvement Year 2 - Subgroups",
2007,03370000,Whately,,
2007,03400000,Williamsburg,,
2007,03410000,Williamstown,,
2007,03420000,Wilmington,,
2007,03430000,Winchendon,,
2007,03440000,Winchester,,
2007,03460000,Winthrop,,
2007,03470000,Woburn,,"Corrective Action - Subgroups"
2007,03480000,Worcester,"Corrective Action - Subgroups","Corrective Action - Subgroups"
2007,03500000,Wrentham,,
2007,04060000,Northampton-Smith,,
2007,04100000,"Excel Academy Charter (District)",,
2007,04120000,"Academy Of the Pacific Rim Charter Public (District)",,
2007,04130000,"Four Rivers Charter Public (District)",,
2007,04140000,"Berkshire Arts and Technology Charter (District)","Improvement Year 1","Improvement Year 2"
2007,04150000,"Academy of Strategic Learning Charter (District)",,
2007,04160000,"Boston Preparatory Charter Public (District)",,
2007,04180000,"Christa McAuliffe Regional Charter Public (District)",,
2007,04190000,"Smith Leadership Academy Charter Public (District)","Improvement Year 1","Improvement Year 2"
2007,04200000,"Benjamin Banneker Charter Public (District)",,"Restructuring Year 2"
2007,04230000,"Barnstable Horace Mann Charter (District)",,"Improvement Year 1 - Subgroups"
2007,04240000,"Boston Day and Evening Academy Charter (District)",,
2007,04270000,"Marstons Mills East Horace Mann Charter (District)",,
2007,04280000,"Edward Brooke Charter (District)",,
2007,04290000,"Kipp Academy Lynn Charter (District)",,
2007,04300000,"Advanced Math and Science Academy Charter (District)",,
2007,04320000,"Cape Cod Lighthouse Charter (District)",,
2007,04340000,"Champion Charter (District)",,"Improvement Year 2"
2007,04350000,"Innovation Academy Charter (District)",,
2007,04360000,"Community Charter School of Cambridge (District)",,
2007,04370000,"City On A Hill Charter Public (District)",,
2007,04380000,"Codman Academy Charter Public (District)",,
2007,04390000,"Conservatory Lab Charter (District)",,
2007,04400000,"Community Day Charter Public (District)","Improvement Year 1",
2007,04410000,"Sabis International Charter (District)","Improvement Year 2 - Subgroups","Improvement Year 1"
2007,04440000,"Neighborhood House Charter (District)",,"Improvement Year 2 - Subgroups"
2007,04450000,"Abby Kelley Foster Charter Public (District)",,"Improvement Year 1"
2007,04460000,"Foxborough Regional Charter (District)",,
2007,04470000,"Benjamin Franklin Classical Charter Public (District)",,
2007,04490000,"Boston Collegiate Charter (District)",,
2007,04500000,"Hilltown Cooperative Charter  Public (District)",,
2007,04510000,"Robert M. Hughes Academy Charter (District)","Improvement Year 1",
2007,04520000,"Health Careers Academy Charter (District)",,
2007,04530000,"Holyoke Community Charter (District)","Improvement Year 1 - Subgroups","Improvement Year 1 - Subgroups"
2007,04540000,"Lawrence Family Development Charter (District)","Restructuring Year 2",
2007,04550000,"Hill View Montessori Charter Public (District)",,
2007,04560000,"Lowell Community Charter Public (District)","Improvement Year 2 - Subgroups","Improvement Year 1 - Subgroups"
2007,04580000,"Lowell Middlesex Academy Charter (District)",,
2007,04640000,"Marblehead Community Charter (District)",,
2007,04660000,"Martha's Vineyard Charter (District)",,
2007,04680000,"Ma Academy for Math and Science",,
2007,04690000,"MATCH Charter Public High (District)",,
2007,04700000,"Mystic Valley Regional Charter (District)","Improvement Year 1 - Subgroups","Improvement Year 1 - Subgroups"
2007,04710000,"New Leadership Charter (District)","Corrective Action","Restructuring Year 2"
2007,04720000,"New Bedford Global Learning Charter (District)",,"Improvement Year 2 - Subgroups"
2007,04740000,"North Central Charter Essential (District)","Improvement Year 2","Restructuring Year 1 - Subgroups"
2007,04780000,"Francis W. Parker Charter Essential (District)",,
2007,04790000,"Pioneer Valley Performing Arts Charter Public (District)",,
2007,04810000,"Boston Renaissance Charter Public (District)","Improvement Year 2 - Subgroups","Restructuring Year 1 - Subgroups"
2007,04820000,"River Valley Charter (District)",,
2007,04830000,"Rising Tide Charter (District)",,
2007,04840000,"Roxbury Preparatory Charter (District)",,
2007,04850000,"Salem Academy Charter (District)",,"Improvement Year 1"
2007,04860000,"Seven Hills Charter (District)","Restructuring Year 1 - Subgroups","Corrective Action - Subgroups"
2007,04870000,"Prospect Hill Academy Charter (District)",,
2007,04880000,"South Shore Charter Public (District)",,"Improvement Year 2 - Subgroups"
2007,04890000,"Sturgis Charter Public (District)",,
2007,04900000,"Uphams Corner Charter (District)","Improvement Year 1","Improvement Year 2"
2007,04910000,"Atlantis Charter (District)","Improvement Year 1 - Subgroups",
2007,04920000,"Martin Luther King Jr. Charter School of Excellence (District)",,
2007,04930000,"Phoenix Charter Academy (District)",,
2007,06000000,Acton-Boxborough,,
2007,06030000,Adams-Cheshire,,
2007,06050000,Amherst-Pelham,,
2007,06100000,Ashburnham-Westminster,,
2007,06150000,Athol-Royalston,,
2007,06180000,"Berkshire Hills",,
2007,06200000,Berlin-Boylston,,
2007,06220000,Blackstone-Millville,,
2007,06250000,Bridgewater-Raynham,,"Corrective Action - Subgroups"
2007,06320000,Chesterfield-Goshen,,
2007,06350000,"Central Berkshire",,
2007,06400000,Concord-Carlisle,,
2007,06450000,Dennis-Yarmouth,,
2007,06500000,Dighton-Rehoboth,,"Improvement Year 2 - Subgroups"
2007,06550000,Dover-Sherborn,,
2007,06580000,"Dudley-Charlton Reg",,
2007,06600000,Nauset,,
2007,06620000,"Farmington River Reg",,
2007,06650000,Freetown-Lakeville,,
2007,06700000,Frontier,,
2007,06720000,Gateway,,
2007,06730000,Groton-Dunstable,,
2007,06740000,Gill-Montague,,
2007,06750000,Hamilton-Wenham,,
2007,06800000,Hampden-Wilbraham,,
2007,06830000,Hampshire,,"Corrective Action - Subgroups"
2007,06850000,Hawlemont,,
2007,06900000,"King Philip",,
2007,06950000,Lincoln-Sudbury,,
2007,06980000,"Manchester Essex Regional",,
2007,07000000,"Marthas Vineyard",,
2007,07050000,Masconomet,,
2007,07100000,Mendon-Upton,,
2007,07150000,"Mount Greylock",,
2007,07170000,"Mohawk Trail",,
2007,07200000,Narragansett,,
2007,07250000,Nashoba,,
2007,07280000,"New Salem-Wendell",,
2007,07300000,Northboro-Southboro,,
2007,07350000,"North Middlesex",,
2007,07400000,"Old Rochester",,
2007,07450000,Pentucket,,
2007,07500000,"Pioneer Valley",,
2007,07530000,Quabbin,,
2007,07550000,"Ralph C Mahar",,"Improvement Year 1 - Subgroups"
2007,07600000,"Silver Lake",,
2007,07650000,"Southern Berkshire",,
2007,07660000,Southwick-Tolland,,
2007,07670000,"Spencer-E Brookfield",,
2007,07700000,Tantasqua,,
2007,07730000,Triton,,
2007,07740000,"Up-Island Regional",,
2007,07750000,Wachusett,,
2007,07780000,"Quaboag Regional",,
2007,07800000,Whitman-Hanson,,
2007,08010000,"Assabet Valley",,
2007,08050000,"Blackstone Valley Reg",,
2007,08060000,"Blue Hills Voc","Improvement Year 1 - Subgroups",
2007,08100000,"Bristol-Plymouth Voc Tech",,
2007,08150000,"Cape Cod Region Voc Tech",,
2007,08180000,"Franklin County",,
2007,08210000,"Greater Fall River",,
2007,08230000,"Greater Lawrence RVT","Restructuring Year 1 - Subgroups","Restructuring Year 1 - Subgroups"
2007,08250000,"Greater New Bedford",,
2007,08280000,"Greater Lowell Voc Tec",,"Improvement Year 1 - Subgroups"
2007,08290000,"So Middlesex Voc Tech Reg",,"Improvement Year 1 - Subgroups"
2007,08300000,"Minuteman Voc Tech",,
2007,08320000,"Montachusett Voc Tech Reg",,
2007,08510000,"Northern Berkshire Voc","Improvement Year 1",
2007,08520000,"Nashoba Valley Tech",,
2007,08530000,"Northeast Metro Voc",,
2007,08540000,"North Shore Reg Voc",,
2007,08550000,"Old Colony Reg Voc Tech",,
2007,08600000,"Pathfinder Voc Tech",,
2007,08710000,"Shawsheen Valley Voc Tech",,
2007,08720000,"Southeastern Reg Voc Tech",,"Improvement Year 2 - Subgroups"
2007,08730000,"South Shore Reg Voc Tech",,
2007,08760000,"Southern Worcester Cty VT",,
2007,08780000,"Tri County",,
2007,08790000,"Upper Cape Cod Voc Tech",,
2007,08850000,"Whittier Voc",,
2007,09100000,"Bristol County Agr",,
2007,09130000,"Essex Agr Tech",,
2007,09150000,"Norfolk County Agriculture",,
2008,00000000,"State Totals","Under Review","Under Review"
2008,00010000,Abington,,
2008,00020000,Acton,,
2008,00030000,Acushnet,,
2008,00050000,Agawam,"Improvement Year 2 - Subgroups","Improvement Year 2 - Subgroups"
2008,00070000,Amesbury,,
2008,00080000,Amherst,,
2008,00090000,Andover,,
2008,00100000,Arlington,,
2008,00140000,Ashland,,
2008,00160000,Attleboro,,
2008,00170000,Auburn,,
2008,00180000,Avon,,
2008,00190000,Ayer,,
2008,00200000,Barnstable,,
2008,00230000,Bedford,,
2008,00240000,Belchertown,,
2008,00250000,Bellingham,,
2008,00260000,Belmont,,
2008,00270000,Berkley,,
2008,00280000,Berlin,,
2008,00300000,Beverly,,
2008,00310000,Billerica,,
2008,00350000,Boston,"Corrective Action - Subgroups","Corrective Action - Subgroups"
2008,00360000,Bourne,,
2008,00370000,Boxborough,,
2008,00380000,Boxford,,
2008,00390000,Boylston,,
2008,00400000,Braintree,,
2008,00410000,Brewster,"Improvement Year 1 - Subgroups",
2008,00430000,Brimfield,,
2008,00440000,Brockton,"Corrective Action - Subgroups","Corrective Action - Subgroups"
2008,00450000,Brookfield,,
2008,00460000,Brookline,,
2008,00480000,Burlington,,
2008,00490000,Cambridge,,
2008,00500000,Canton,,
2008,00510000,Carlisle,,
2008,00520000,Carver,,
2008,00550000,Chatham,,
2008,00560000,Chelmsford,,
2008,00570000,Chelsea,"Corrective Action - Subgroups","Corrective Action - Subgroups"
2008,00610000,Chicopee,"Corrective Action - Subgroups","Corrective Action - Subgroups"
2008,00630000,Clarksburg,,
2008,00640000,Clinton,,
2008,00650000,Cohasset,,
2008,00670000,Concord,,
2008,00680000,Conway,,
2008,00710000,Danvers,,
2008,00720000,Dartmouth,,
2008,00730000,Dedham,,
2008,00740000,Deerfield,,
2008,00770000,Douglas,,
2008,00780000,Dover,"Improvement Year 1 - Subgroups",
2008,00790000,Dracut,,
2008,00820000,Duxbury,,
2008,00830000,"East Bridgewater",,
2008,00850000,Eastham,,
2008,00860000,Easthampton,,
2008,00870000,"East Longmeadow",,
2008,00880000,Easton,,
2008,00890000,Edgartown,,
2008,00910000,Erving,,
2008,00930000,Everett,"Corrective Action - Subgroups","Corrective Action - Subgroups"
2008,00940000,Fairhaven,,
2008,00950000,"Fall River","Corrective Action","Corrective Action"
2008,00960000,Falmouth,"Improvement Year 1 - Subgroups","Corrective Action - Subgroups"
2008,00970000,Fitchburg,"Corrective Action - Subgroups","Corrective Action - Subgroups"
2008,00980000,Florida,,
2008,00990000,Foxborough,,
2008,01000000,Framingham,,
2008,01010000,Franklin,,
2008,01020000,Freetown,,
2008,01030000,Gardner,"Corrective Action - Subgroups","Corrective Action"
2008,01050000,Georgetown,,
2008,01070000,Gloucester,,"Corrective Action - Subgroups"
2008,01090000,Gosnold,,
2008,01100000,Grafton,,
2008,01110000,Granby,,
2008,01120000,Granville,,"Improvement Year 2"
2008,01140000,Greenfield,,"Corrective Action - Subgroups"
2008,01170000,Hadley,,
2008,01180000,Halifax,"Improvement Year 1",
2008,01210000,Hancock,,
2008,01220000,Hanover,,
2008,01250000,Harvard,,
2008,01260000,Harwich,,
2008,01270000,Hatfield,,
2008,01280000,Haverhill,"Corrective Action - Subgroups","Corrective Action - Subgroups"
2008,01310000,Hingham,,
2008,01330000,Holbrook,"Corrective Action - Subgroups",
2008,01350000,Holland,,
2008,01360000,Holliston,,
2008,01370000,Holyoke,"Corrective Action","Corrective Action"
2008,01380000,Hopedale,,
2008,01390000,Hopkinton,,
2008,01410000,Hudson,,
2008,01420000,Hull,,
2008,01440000,Ipswich,,
2008,01450000,Kingston,,
2008,01460000,Lakeville,,
2008,01480000,Lanesborough,,
2008,01490000,Lawrence,"Corrective Action","Corrective Action - Subgroups"
2008,01500000,Lee,,
2008,01510000,Leicester,,
2008,01520000,Lenox,,
2008,01530000,Leominster,"Corrective Action - Subgroups",
2008,01540000,Leverett,,
2008,01550000,Lexington,,
2008,01570000,Lincoln,"Improvement Year 1 - Subgroups","Improvement Year 1 - Subgroups"
2008,01580000,Littleton,,
2008,01590000,Longmeadow,,
2008,01600000,Lowell,"Corrective Action - Subgroups","Corrective Action - Subgroups"
2008,01610000,Ludlow,,
2008,01620000,Lunenburg,,
2008,01630000,Lynn,"Corrective Action - Subgroups","Corrective Action - Subgroups"
2008,01640000,Lynnfield,,
2008,01650000,Malden,"Corrective Action - Subgroups",
2008,01670000,Mansfield,,
2008,01680000,Marblehead,,
2008,01690000,Marion,,
2008,01700000,Marlborough,"Improvement Year 1 - Subgroups","Corrective Action - Subgroups"
2008,01710000,Marshfield,,
2008,01720000,Mashpee,,
2008,01730000,Mattapoisett,,
2008,01740000,Maynard,,
2008,01750000,Medfield,,
2008,01760000,Medford,,"Corrective Action - Subgroups"
2008,01770000,Medway,,
2008,01780000,Melrose,,
2008,01810000,Methuen,"Corrective Action - Subgroups","Corrective Action - Subgroups"
2008,01820000,Middleborough,,
2008,01840000,Middleton,,
2008,01850000,Milford,,
2008,01860000,Millbury,,
2008,01870000,Millis,,
2008,01890000,Milton,,
2008,01910000,Monson,,
2008,01960000,Nahant,,
2008,01970000,Nantucket,,
2008,01980000,Natick,,
2008,01990000,Needham,,
2008,02010000,"New Bedford","Corrective Action","Corrective Action - Subgroups"
2008,02040000,Newburyport,,
2008,02070000,Newton,,
2008,02080000,Norfolk,,
2008,02090000,"North Adams",,
2008,02100000,Northampton,,
2008,02110000,"North Andover",,
2008,02120000,"North Attleborough",,
2008,02130000,Northborough,,
2008,02140000,Northbridge,,
2008,02150000,"North Brookfield",,
2008,02170000,"North Reading",,
2008,02180000,Norton,,
2008,02190000,Norwell,,
2008,02200000,Norwood,,
2008,02210000,"Oak Bluffs","Improvement Year 1 - Subgroups",
2008,02230000,Orange,"Corrective Action - Subgroups",
2008,02240000,Orleans,,
2008,02260000,Oxford,,
2008,02270000,Palmer,,
2008,02290000,Peabody,"Improvement Year 2 - Subgroups","Corrective Action - Subgroups"
2008,02300000,Pelham,,
2008,02310000,Pembroke,,
2008,02340000,Petersham,,
2008,02360000,Pittsfield,"Corrective Action - Subgroups","Corrective Action - Subgroups"
2008,02380000,Plainville,,
2008,02390000,Plymouth,"Improvement Year 1 - Subgroups",
2008,02400000,Plympton,,
2008,02420000,Provincetown,,
2008,02430000,Quincy,,
2008,02440000,Randolph,"Corrective Action - Subgroups","Improvement Year 2 - Subgroups"
2008,02460000,Reading,,
2008,02480000,Revere,"Corrective Action - Subgroups",
2008,02490000,Richmond,,
2008,02500000,Rochester,"Improvement Year 1 - Subgroups",
2008,02510000,Rockland,,
2008,02520000,Rockport,,
2008,02530000,Rowe,,
2008,02580000,Salem,"Corrective Action - Subgroups","Corrective Action - Subgroups"
2008,02610000,Sandwich,,
2008,02620000,Saugus,,
2008,02630000,Savoy,,
2008,02640000,Scituate,,
2008,02650000,Seekonk,,
2008,02660000,Sharon,,
2008,02690000,Sherborn,,
2008,02700000,Shirley,,
2008,02710000,Shrewsbury,,
2008,02720000,Shutesbury,,
2008,02730000,Somerset,,
2008,02740000,Somerville,"Corrective Action - Subgroups","Corrective Action - Subgroups"
2008,02750000,Southampton,"Improvement Year 1 - Subgroups","Improvement Year 1 - Subgroups"
2008,02760000,Southborough,,
2008,02770000,Southbridge,"Corrective Action - Subgroups",
2008,02780000,"South Hadley",,
2008,02810000,Springfield,"Corrective Action","Corrective Action"
2008,02840000,Stoneham,,
2008,02850000,Stoughton,"Improvement Year 2 - Subgroups",
2008,02870000,Sturbridge,,
2008,02880000,Sudbury,,
2008,02890000,Sunderland,,
2008,02900000,Sutton,,
2008,02910000,Swampscott,,
2008,02920000,Swansea,,
2008,02930000,Taunton,,
2008,02950000,Tewksbury,,
2008,02960000,Tisbury,,
2008,02980000,Topsfield,,
2008,03000000,Truro,,
2008,03010000,Tyngsborough,,
2008,03040000,Uxbridge,,
2008,03050000,Wakefield,,
2008,03060000,Wales,,
2008,03070000,Walpole,,
2008,03080000,Waltham,"Corrective Action - Subgroups",
2008,03090000,Ware,,
2008,03100000,Wareham,"Corrective Action - Subgroups","Corrective Action - Subgroups"
2008,03140000,Watertown,,
2008,03150000,Wayland,,
2008,03160000,Webster,,
2008,03170000,Wellesley,,
2008,03180000,Wellfleet,,
2008,03210000,Westborough,,
2008,03220000,"West Boylston",,
2008,03230000,"West Bridgewater",,
2008,03250000,Westfield,"Corrective Action - Subgroups","Corrective Action - Subgroups"
2008,03260000,Westford,,
2008,03270000,Westhampton,"Improvement Year 2",
2008,03300000,Weston,,
2008,03310000,Westport,,
2008,03320000,"West Springfield",,
2008,03350000,Westwood,,
2008,03360000,Weymouth,"Corrective Action - Subgroups",
2008,03370000,Whately,,
2008,03400000,Williamsburg,,
2008,03410000,Williamstown,,
2008,03420000,Wilmington,,
2008,03430000,Winchendon,,
2008,03440000,Winchester,,
2008,03460000,Winthrop,,
2008,03470000,Woburn,,"Corrective Action - Subgroups"
2008,03480000,Worcester,"Corrective Action - Subgroups","Corrective Action - Subgroups"
2008,03500000,Wrentham,,
2008,04060000,"Northampton-Smith Vocational Agricultural",,
2008,04100000,"Excel Academy Charter (District)",,
2008,04120000,"Academy Of the Pacific Rim Charter Public (District)","Improvement Year 1 - Subgroups",
2008,04130000,"Four Rivers Charter Public (District)",,
2008,04140000,"Berkshire Arts and Technology Charter (District)","Improvement Year 2","Corrective Action"
2008,04150000,"Academy of Strategic Learning Charter (District)","Improvement Year 1",
2008,04160000,"Boston Preparatory Charter Public (District)",,
2008,04180000,"Christa McAuliffe Regional Charter Public (District)","Improvement Year 1 - Subgroups",
2008,04190000,"Smith Leadership Academy Charter Public (District)","Improvement Year 2 - Subgroups","Corrective Action"
2008,04200000,"Benjamin Banneker Charter Public (District)",,"Restructuring Year 2"
2008,04230000,"Barnstable Horace Mann Charter (District)",,"Improvement Year 1 - Subgroups"
2008,04240000,"Boston Day and Evening Academy Charter (District)","Improvement Year 1","Improvement Year 1"
2008,04270000,"Marstons Mills East HM Charter Public (District)",,
2008,04280000,"Edward Brooke Charter (District)",,
2008,04290000,"Kipp Academy Lynn Charter (District)",,
2008,04300000,"Advanced Math and Science Academy Charter (District)",,
2008,04320000,"Cape Cod Lighthouse Charter (District)",,
2008,04340000,"Champion Charter (District)","Improvement Year 1","Corrective Action"
2008,04350000,"Innovation Academy Charter (District)",,
2008,04360000,"Community Charter School of Cambridge (District)",,
2008,04370000,"City On A Hill Charter Public (District)",,
2008,04380000,"Codman Academy Charter Public (District)",,
2008,04390000,"Conservatory Lab Charter (District)",,
2008,04400000,"Community Day Charter Public (District)","Improvement Year 1 - Subgroups",
2008,04410000,"Sabis International Charter (District)","Corrective Action - Subgroups","Improvement Year 2 - Subgroups"
2008,04440000,"Neighborhood House Charter (District)",,"Improvement Year 2 - Subgroups"
2008,04450000,"Abby Kelley Foster Charter Public (District)","Improvement Year 1 - Subgroups","Improvement Year 2 - Subgroups"
2008,04460000,"Foxborough Regional Charter (District)",,
2008,04470000,"Benjamin Franklin Classical Charter Public (District)",,
2008,04490000,"Boston Collegiate Charter (District)",,
2008,04500000,"Hilltown Cooperative Charter  Public (District)",,
2008,04510000,"Robert M. Hughes Academy Charter (District)","Improvement Year 2 - Subgroups",
2008,04520000,"Health Careers Academy Charter (District)",,
2008,04530000,"Holyoke Community Charter (District)","Improvement Year 2 - Subgroups","Improvement Year 2 - Subgroups"
2008,04540000,"Lawrence Family Development Charter (District)","Restructuring Year 2 - Subgroups",
2008,04550000,"Hill View Montessori Charter Public (District)",,
2008,04560000,"Lowell Community Charter Public (District)","Corrective Action - Subgroups","Improvement Year 2 - Subgroups"
2008,04580000,"Lowell Middlesex Academy Charter (District)",,
2008,04640000,"Marblehead Community Charter (District)",,
2008,04660000,"Martha's Vineyard Charter (District)",,
2008,04680000,"Ma Academy for Math and Science",,
2008,04690000,"MATCH Charter Public High (District)",,
2008,04700000,"Mystic Valley Regional Charter (District)","Improvement Year 2 - Subgroups","Improvement Year 2 - Subgroups"
2008,04710000,"New Leadership Charter (District)","Restructuring Year 1 - Subgroups","Restructuring Year 2 - Subgroups"
2008,04740000,"North Central Charter Essential (District)","Corrective Action - Subgroups","Restructuring Year 2"
2008,04780000,"Francis W. Parker Charter Essential (District)",,
2008,04790000,"Pioneer Valley Performing Arts Charter Public (District)",,
2008,04810000,"Boston Renaissance Charter Public (District)","Corrective Action - Subgroups","Restructuring Year 1 - Subgroups"
2008,04820000,"River Valley Charter (District)",,
2008,04830000,"Rising Tide Charter Public (District)",,
2008,04840000,"Roxbury Preparatory Charter (District)",,
2008,04850000,"Salem Academy Charter (District)",,"Improvement Year 2"
2008,04860000,"Seven Hills Charter (District)","Restructuring Year 2","Restructuring Year 1 - Subgroups"
2008,04870000,"Prospect Hill Academy Charter (District)","Improvement Year 1 - Subgroups",
2008,04880000,"South Shore Charter Public (District)","Improvement Year 1","Corrective Action - Subgroups"
2008,04890000,"Sturgis Charter Public (District)",,
2008,04900000,"Uphams Corner Charter (District)","Improvement Year 2","Corrective Action"
2008,04910000,"Atlantis Charter (District)","Improvement Year 2 - Subgroups",
2008,04920000,"Martin Luther King Jr. Charter School of Excellence (District)",,
2008,04930000,"Phoenix Charter Academy (District)",,
2008,04940000,"Pioneer Charter School of Science (District)",,
2008,04960000,"Global Learning Charter Public  (District)",,
2008,04970000,"Pioneer Valley Chinese Immersion Charter(District)",,
2008,06000000,Acton-Boxborough,,
2008,06030000,Adams-Cheshire,,
2008,06050000,Amherst-Pelham,,
2008,06100000,Ashburnham-Westminster,,
2008,06150000,Athol-Royalston,,
2008,06180000,"Berkshire Hills",,
2008,06200000,Berlin-Boylston,,
2008,06220000,Blackstone-Millville,,
2008,06250000,Bridgewater-Raynham,,"Corrective Action - Subgroups"
2008,06320000,Chesterfield-Goshen,,
2008,06350000,"Central Berkshire",,
2008,06400000,Concord-Carlisle,,
2008,06450000,Dennis-Yarmouth,,"Improvement Year 1 - Subgroups"
2008,06500000,Dighton-Rehoboth,,"Improvement Year 2 - Subgroups"
2008,06550000,Dover-Sherborn,,
2008,06580000,"Dudley-Charlton Reg",,
2008,06600000,Nauset,,
2008,06620000,"Farmington River Reg",,
2008,06650000,Freetown-Lakeville,,
2008,06700000,Frontier,"Improvement Year 1 - Subgroups","Improvement Year 1 - Subgroups"
2008,06720000,Gateway,,
2008,06730000,Groton-Dunstable,,
2008,06740000,Gill-Montague,,
2008,06750000,Hamilton-Wenham,,
2008,06800000,Hampden-Wilbraham,,
2008,06830000,Hampshire,,"Corrective Action - Subgroups"
2008,06850000,Hawlemont,"Improvement Year 1",
2008,06900000,"King Philip",,
2008,06950000,Lincoln-Sudbury,,
2008,06980000,"Manchester Essex Regional",,
2008,07000000,"Marthas Vineyard",,
2008,07050000,Masconomet,,
2008,07100000,Mendon-Upton,,
2008,07150000,"Mount Greylock",,
2008,07170000,"Mohawk Trail",,
2008,07200000,Narragansett,,
2008,07250000,Nashoba,,
2008,07280000,"New Salem-Wendell",,
2008,07300000,Northboro-Southboro,,
2008,07350000,"North Middlesex",,
2008,07400000,"Old Rochester",,
2008,07450000,Pentucket,,
2008,07500000,"Pioneer Valley",,
2008,07530000,Quabbin,,
2008,07550000,"Ralph C Mahar","Improvement Year 1 - Subgroups","Improvement Year 2 - Subgroups"
2008,07600000,"Silver Lake",,
2008,07650000,"Southern Berkshire",,
2008,07660000,Southwick-Tolland,,
2008,07670000,"Spencer-E Brookfield",,
2008,07700000,Tantasqua,,
2008,07730000,Triton,,
2008,07740000,"Up-Island Regional",,
2008,07750000,Wachusett,,
2008,07780000,"Quaboag Regional",,
2008,07800000,Whitman-Hanson,,
2008,08010000,"Assabet Valley Regional Vocational Technical",,
2008,08050000,"Blackstone Valley Regional Vocational Technical",,
2008,08060000,"Blue Hills Regional Vocational Technical","Improvement Year 2 - Subgroups","Improvement Year 1 - Subgroups"
2008,08100000,"Bristol-Plymouth Regional Vocational Technical",,"Improvement Year 1 - Subgroups"
2008,08150000,"Cape Cod Regional Vocational Technical",,
2008,08180000,"Franklin County Regional Vocational Technical",,
2008,08210000,"Greater Fall River Regional Vocational Technical",,
2008,08230000,"Greater Lawrence Regional Vocational Technical","Restructuring Year 1 - Subgroups","Restructuring Year 2 - Subgroups"
2008,08250000,"Greater New Bedford Regional Vocational Technical",,"Improvement Year 1 - Subgroups"
2008,08280000,"Greater Lowell Regional Vocational Technical",,"Improvement Year 1 - Subgroups"
2008,08290000,"South Middlesex Regional Vocational Technical",,
2008,08300000,"Minuteman Regional Vocational Technical",,
2008,08320000,"Montachusett Regional Vocational Technical",,
2008,08510000,"Northern Berkshire Regional Vocational Technical",,
2008,08520000,"Nashoba Valley Regional Vocational Technical",,
2008,08530000,"Northeast Metropolitan Regional Vocational Technical",,
2008,08540000,"North Shore Regional Vocational Technical",,
2008,08550000,"Old Colony Regional Vocational Technical",,
2008,08600000,"Pathfinder Regional Vocational Technical",,
2008,08710000,"Shawsheen Valley Regional Vocational Technical",,
2008,08720000,"Southeastern Regional Vocational Technical",,"Improvement Year 2 - Subgroups"
2008,08730000,"South Shore Regional Vocational Technical",,
2008,08760000,"Southern Worcester County Regional Vocational Technical",,
2008,08780000,"Tri County Regional Vocational Technical",,
2008,08790000,"Upper Cape Cod Regional Vocational Technical",,
2008,08850000,"Whittier Regional Vocational Technical",,
2008,09100000,"Bristol County Agricultural",,
2008,09130000,"Essex Agricultural Technical",,
2008,09150000,"Norfolk County Agricultural",,
2009,00000000,"State Totals","Under Review","Under Review"
2009,00010000,Abington,,
2009,00020000,Acton,,
2009,00030000,Acushnet,,"Improvement Year 1 - Subgroups"
2009,00050000,Agawam,"Corrective Action - Subgroups","Corrective Action - Subgroups"
2009,00070000,Amesbury,,
2009,00080000,Amherst,,
2009,00090000,Andover,,
2009,00100000,Arlington,,
2009,00140000,Ashland,,
2009,00160000,Attleboro,,
2009,00170000,Auburn,,
2009,00180000,Avon,,
2009,00190000,Ayer,,
2009,00200000,Barnstable,,
2009,00230000,Bedford,,
2009,00240000,Belchertown,,
2009,00250000,Bellingham,,
2009,00260000,Belmont,,
2009,00270000,Berkley,,
2009,00280000,Berlin,,
2009,00300000,Beverly,"Improvement Year 1 - Subgroups","Improvement Year 1 - Subgroups"
2009,00310000,Billerica,"Improvement Year 1 - Subgroups",
2009,00350000,Boston,"Corrective Action - Subgroups","Corrective Action - Subgroups"
2009,00360000,Bourne,,
2009,00370000,Boxborough,,
2009,00380000,Boxford,,
2009,00390000,Boylston,,
2009,00400000,Braintree,,
2009,00410000,Brewster,"Improvement Year 1 - Subgroups",
2009,00430000,Brimfield,,
2009,00440000,Brockton,"Corrective Action - Subgroups","Corrective Action - Subgroups"
2009,00450000,Brookfield,,
2009,00460000,Brookline,,
2009,00480000,Burlington,,
2009,00490000,Cambridge,,"Improvement Year 1 - Subgroups"
2009,00500000,Canton,,
2009,00510000,Carlisle,,
2009,00520000,Carver,,
2009,00550000,Chatham,,
2009,00560000,Chelmsford,,
2009,00570000,Chelsea,"Corrective Action - Subgroups","Corrective Action - Subgroups"
2009,00610000,Chicopee,"Corrective Action - Subgroups","Corrective Action - Subgroups"
2009,00630000,Clarksburg,,
2009,00640000,Clinton,,
2009,00650000,Cohasset,,
2009,00670000,Concord,,
2009,00680000,Conway,,
2009,00710000,Danvers,,
2009,00720000,Dartmouth,,"Improvement Year 1 - Subgroups"
2009,00730000,Dedham,"Improvement Year 1 - Subgroups",
2009,00740000,Deerfield,,"Improvement Year 1 - Subgroups"
2009,00770000,Douglas,,
2009,00780000,Dover,,
2009,00790000,Dracut,,
2009,00820000,Duxbury,,
2009,00830000,"East Bridgewater",,
2009,00850000,Eastham,,
2009,00860000,Easthampton,,
2009,00870000,"East Longmeadow",,
2009,00880000,Easton,,
2009,00890000,Edgartown,,
2009,00910000,Erving,,
2009,00930000,Everett,"Corrective Action - Subgroups","Corrective Action - Subgroups"
2009,00940000,Fairhaven,,
2009,00950000,"Fall River","Corrective Action","Corrective Action"
2009,00960000,Falmouth,"Improvement Year 1 - Subgroups",
2009,00970000,Fitchburg,"Corrective Action - Subgroups","Corrective Action - Subgroups"
2009,00980000,Florida,,
2009,00990000,Foxborough,,
2009,01000000,Framingham,,
2009,01010000,Franklin,,
2009,01020000,Freetown,,
2009,01030000,Gardner,"Corrective Action - Subgroups","Corrective Action - Subgroups"
2009,01050000,Georgetown,,
2009,01070000,Gloucester,,"Corrective Action - Subgroups"
2009,01090000,Gosnold,,
2009,01100000,Grafton,,
2009,01110000,Granby,,
2009,01120000,Granville,,"Improvement Year 2"
2009,01140000,Greenfield,,"Corrective Action"
2009,01170000,Hadley,,
2009,01180000,Halifax,"Improvement Year 2 - Subgroups","Improvement Year 1 - Subgroups"
2009,01210000,Hancock,,
2009,01220000,Hanover,,
2009,01250000,Harvard,,
2009,01260000,Harwich,,
2009,01270000,Hatfield,,
2009,01280000,Haverhill,"Corrective Action - Subgroups","Corrective Action - Subgroups"
2009,01310000,Hingham,,
2009,01330000,Holbrook,"Corrective Action - Subgroups","Improvement Year 1 - Subgroups"
2009,01350000,Holland,"Improvement Year 1 - Subgroups",
2009,01360000,Holliston,,
2009,01370000,Holyoke,"Corrective Action","Corrective Action"
2009,01380000,Hopedale,,
2009,01390000,Hopkinton,,
2009,01410000,Hudson,"Improvement Year 1 - Subgroups",
2009,01420000,Hull,,
2009,01440000,Ipswich,,
2009,01450000,Kingston,,
2009,01460000,Lakeville,,
2009,01480000,Lanesborough,,
2009,01490000,Lawrence,"Corrective Action","Corrective Action - Subgroups"
2009,01500000,Lee,,
2009,01510000,Leicester,,
2009,01520000,Lenox,,
2009,01530000,Leominster,"Corrective Action - Subgroups","Improvement Year 1 - Subgroups"
2009,01540000,Leverett,,"Improvement Year 1 - Subgroups"
2009,01550000,Lexington,,
2009,01570000,Lincoln,"Improvement Year 2 - Subgroups","Improvement Year 2 - Subgroups"
2009,01580000,Littleton,,
2009,01590000,Longmeadow,,
2009,01600000,Lowell,"Corrective Action - Subgroups","Corrective Action - Subgroups"
2009,01610000,Ludlow,,
2009,01620000,Lunenburg,,
2009,01630000,Lynn,"Corrective Action - Subgroups","Corrective Action - Subgroups"
2009,01640000,Lynnfield,,
2009,01650000,Malden,"Corrective Action - Subgroups","Improvement Year 1 - Subgroups"
2009,01670000,Mansfield,,
2009,01680000,Marblehead,,
2009,01690000,Marion,,
2009,01700000,Marlborough,"Improvement Year 1 - Subgroups","Corrective Action - Subgroups"
2009,01710000,Marshfield,,
2009,01720000,Mashpee,,
2009,01730000,Mattapoisett,,
2009,01740000,Maynard,,
2009,01750000,Medfield,,
2009,01760000,Medford,,"Corrective Action - Subgroups"
2009,01770000,Medway,,
2009,01780000,Melrose,,
2009,01810000,Methuen,"Corrective Action - Subgroups","Corrective Action - Subgroups"
2009,01820000,Middleborough,,
2009,01840000,Middleton,,
2009,01850000,Milford,,
2009,01860000,Millbury,,
2009,01870000,Millis,,
2009,01890000,Milton,,
2009,01910000,Monson,,
2009,01960000,Nahant,,
2009,01970000,Nantucket,,
2009,01980000,Natick,,
2009,01990000,Needham,,
2009,02010000,"New Bedford","Corrective Action","Corrective Action"
2009,02040000,Newburyport,,
2009,02070000,Newton,,
2009,02080000,Norfolk,,
2009,02090000,"North Adams",,
2009,02100000,Northampton,,
2009,02110000,"North Andover",,
2009,02120000,"North Attleborough",,
2009,02130000,Northborough,,
2009,02140000,Northbridge,,
2009,02150000,"North Brookfield",,
2009,02170000,"North Reading",,
2009,02180000,Norton,,
2009,02190000,Norwell,,
2009,02200000,Norwood,,
2009,02210000,"Oak Bluffs","Improvement Year 2 - Subgroups",
2009,02230000,Orange,"Corrective Action - Subgroups",
2009,02240000,Orleans,,
2009,02260000,Oxford,,
2009,02270000,Palmer,,
2009,02290000,Peabody,"Corrective Action - Subgroups","Corrective Action - Subgroups"
2009,02300000,Pelham,,
2009,02310000,Pembroke,,
2009,02340000,Petersham,,
2009,02360000,Pittsfield,"Corrective Action - Subgroups","Corrective Action - Subgroups"
2009,02380000,Plainville,,
2009,02390000,Plymouth,"Improvement Year 2 - Subgroups",
2009,02400000,Plympton,,
2009,02420000,Provincetown,,
2009,02430000,Quincy,,"Improvement Year 1 - Subgroups"
2009,02440000,Randolph,"Corrective Action - Subgroups","Improvement Year 2 - Subgroups"
2009,02460000,Reading,,
2009,02480000,Revere,"Corrective Action - Subgroups",
2009,02490000,Richmond,,
2009,02500000,Rochester,"Improvement Year 1 - Subgroups",
2009,02510000,Rockland,,
2009,02520000,Rockport,,
2009,02530000,Rowe,,
2009,02580000,Salem,"Corrective Action - Subgroups","Corrective Action - Subgroups"
2009,02610000,Sandwich,,
2009,02620000,Saugus,,
2009,02630000,Savoy,,
2009,02640000,Scituate,,
2009,02650000,Seekonk,,
2009,02660000,Sharon,,
2009,02690000,Sherborn,,
2009,02700000,Shirley,,
2009,02710000,Shrewsbury,,
2009,02720000,Shutesbury,,
2009,02730000,Somerset,,
2009,02740000,Somerville,"Corrective Action - Subgroups","Corrective Action - Subgroups"
2009,02750000,Southampton,"Improvement Year 1 - Subgroups","Improvement Year 2 - Subgroups"
2009,02760000,Southborough,,
2009,02770000,Southbridge,"Corrective Action - Subgroups",
2009,02780000,"South Hadley",,
2009,02810000,Springfield,"Corrective Action","Corrective Action"
2009,02840000,Stoneham,,
2009,02850000,Stoughton,"Improvement Year 2 - Subgroups","Improvement Year 1 - Subgroups"
2009,02870000,Sturbridge,,
2009,02880000,Sudbury,,
2009,02890000,Sunderland,,
2009,02900000,Sutton,,
2009,02910000,Swampscott,,
2009,02920000,Swansea,,
2009,02930000,Taunton,,
2009,02950000,Tewksbury,,
2009,02960000,Tisbury,,
2009,02980000,Topsfield,,
2009,03000000,Truro,,
2009,03010000,Tyngsborough,,
2009,03040000,Uxbridge,,
2009,03050000,Wakefield,,
2009,03060000,Wales,,
2009,03070000,Walpole,,
2009,03080000,Waltham,"Corrective Action - Subgroups",
2009,03090000,Ware,,
2009,03100000,Wareham,,"Corrective Action - Subgroups"
2009,03140000,Watertown,,
2009,03150000,Wayland,,
2009,03160000,Webster,,
2009,03170000,Wellesley,,
2009,03180000,Wellfleet,,
2009,03210000,Westborough,,
2009,03220000,"West Boylston",,
2009,03230000,"West Bridgewater",,
2009,03250000,Westfield,"Corrective Action - Subgroups","Corrective Action - Subgroups"
2009,03260000,Westford,,
2009,03270000,Westhampton,"Improvement Year 2",
2009,03300000,Weston,,
2009,03310000,Westport,,
2009,03320000,"West Springfield",,"Improvement Year 1 - Subgroups"
2009,03350000,Westwood,,
2009,03360000,Weymouth,"Corrective Action - Subgroups",
2009,03370000,Whately,,
2009,03400000,Williamsburg,,
2009,03410000,Williamstown,,
2009,03420000,Wilmington,,
2009,03430000,Winchendon,,
2009,03440000,Winchester,,
2009,03460000,Winthrop,,
2009,03470000,Woburn,,"Corrective Action - Subgroups"
2009,03480000,Worcester,"Corrective Action - Subgroups","Corrective Action - Subgroups"
2009,03500000,Wrentham,,
2009,04060000,"Northampton-Smith Vocational Agricultural","Improvement Year 1 - Subgroups","Improvement Year 1"
2009,04100000,"Excel Academy Charter (District)",,
2009,04120000,"Academy Of the Pacific Rim Charter Public (District)","Improvement Year 1 - Subgroups",
2009,04130000,"Four Rivers Charter Public (District)",,
2009,04140000,"Berkshire Arts and Technology Charter Public (District)","Corrective Action - Subgroups","Restructuring Year 1"
2009,04150000,"Academy of Strategic Learning Charter (District)","Improvement Year 1",
2009,04160000,"Boston Preparatory Charter Public (District)",,
2009,04180000,"Christa McAuliffe Regional Charter Public (District)","Improvement Year 1 - Subgroups",
2009,04190000,"Smith Leadership Academy Charter Public (District)","Corrective Action - Subgroups","Restructuring Year 1"
2009,04200000,"Benjamin Banneker Charter Public (District)",,"Restructuring Year 2"
2009,04230000,"Barnstable Horace Mann Charter (District)",,"Improvement Year 1 - Subgroups"
2009,04240000,"Boston Day and Evening Academy Charter (District)","Improvement Year 2","Improvement Year 2"
2009,04270000,"Marstons Mills East HM Charter Public (District)",,
2009,04280000,"Edward Brooke Charter (District)",,
2009,04290000,"KIPP Academy Lynn Charter (District)",,
2009,04300000,"Advanced Math and Science Academy Charter (District)",,
2009,04320000,"Cape Cod Lighthouse Charter (District)",,
2009,04350000,"Innovation Academy Charter (District)",,
2009,04360000,"Community Charter School of Cambridge (District)",,
2009,04370000,"City On A Hill Charter Public (District)",,
2009,04380000,"Codman Academy Charter Public (District)",,
2009,04390000,"Conservatory Lab Charter (District)",,"Improvement Year 1"
2009,04400000,"Community Day Charter Public (District)",,
2009,04410000,"Sabis International Charter (District)","Corrective Action - Subgroups","Improvement Year 2 - Subgroups"
2009,04440000,"Neighborhood House Charter (District)",,
2009,04450000,"Abby Kelley Foster Charter Public (District)","Improvement Year 2 - Subgroups","Corrective Action - Subgroups"
2009,04460000,"Foxborough Regional Charter (District)","Improvement Year 1 - Subgroups","Improvement Year 1 - Subgroups"
2009,04470000,"Benjamin Franklin Classical Charter Public (District)",,
2009,04490000,"Boston Collegiate Charter (District)","Improvement Year 1 - Subgroups",
2009,04500000,"Hilltown Cooperative Charter  Public (District)",,
2009,04520000,"Health Careers Academy Charter (District)",,
2009,04530000,"Holyoke Community Charter (District)","Improvement Year 2 - Subgroups","Improvement Year 2 - Subgroups"
2009,04540000,"Lawrence Family Development Charter (District)",,
2009,04550000,"Hill View Montessori Charter Public (District)",,
2009,04560000,"Lowell Community Charter Public (District)","Restructuring Year 1 - Subgroups","Corrective Action - Subgroups"
2009,04580000,"Lowell Middlesex Academy Charter (District)",,
2009,04640000,"Marblehead Community Charter Public (District)",,
2009,04660000,"Martha's Vineyard Charter (District)",,
2009,04680000,"Ma Academy for Math and Science",,
2009,04690000,"MATCH Charter Public High (District)",,
2009,04700000,"Mystic Valley Regional Charter (District)","Corrective Action - Subgroups","Corrective Action - Subgroups"
2009,04710000,"New Leadership Charter (District)","Restructuring Year 2 - Subgroups","Restructuring Year 2 - Subgroups"
2009,04740000,"North Central Charter Essential (District)","Corrective Action - Subgroups","Restructuring Year 2"
2009,04770000,"Silver Hill Horace Mann Charter (District)","Restructuring Year 2","Corrective Action - Subgroups"
2009,04780000,"Francis W. Parker Charter Essential (District)",,
2009,04790000,"Pioneer Valley Performing Arts Charter Public (District)",,
2009,04810000,"Boston Renaissance Charter Public (District)","Corrective Action - Subgroups",
2009,04820000,"River Valley Charter (District)",,
2009,04830000,"Rising Tide Charter Public (District)",,
2009,04840000,"Roxbury Preparatory Charter (District)",,
2009,04850000,"Salem Academy Charter (District)",,"Improvement Year 2"
2009,04860000,"Seven Hills Charter (District)","Restructuring Year 2","Restructuring Year 2"
2009,04870000,"Prospect Hill Academy Charter (District)","Improvement Year 1 - Subgroups",
2009,04880000,"South Shore Charter Public (District)","Improvement Year 1","Corrective Action - Subgroups"
2009,04890000,"Sturgis Charter Public (District)",,
2009,04900000,"Uphams Corner Charter (District)","Corrective Action","Restructuring Year 1"
2009,04910000,"Atlantis Charter (District)","Improvement Year 2 - Subgroups",
2009,04920000,"Martin Luther King Jr. Charter School of Excellence (District)","Improvement Year 1",
2009,04930000,"Phoenix Charter Academy (District)",,
2009,04940000,"Pioneer Charter School of Science (District)",,
2009,04960000,"Global Learning Charter Public  (District)","Improvement Year 1 - Subgroups","Improvement Year 1"
2009,04970000,"Pioneer Valley Chinese Immersion Charter(District)",,
2009,06000000,Acton-Boxborough,,
2009,06030000,Adams-Cheshire,,
2009,06050000,Amherst-Pelham,,
2009,06100000,Ashburnham-Westminster,,
2009,06150000,Athol-Royalston,,
2009,06180000,"Berkshire Hills",,
2009,06200000,Berlin-Boylston,,
2009,06220000,Blackstone-Millville,,
2009,06250000,Bridgewater-Raynham,,"Corrective Action - Subgroups"
2009,06320000,Chesterfield-Goshen,"Improvement Year 1",
2009,06350000,"Central Berkshire",,
2009,06400000,Concord-Carlisle,,
2009,06450000,Dennis-Yarmouth,,"Improvement Year 2 - Subgroups"
2009,06500000,Dighton-Rehoboth,,
2009,06550000,Dover-Sherborn,,
2009,06580000,"Dudley-Charlton Reg",,
2009,06600000,Nauset,,
2009,06620000,"Farmington River Reg",,
2009,06650000,Freetown-Lakeville,,
2009,06700000,Frontier,"Improvement Year 1 - Subgroups","Improvement Year 1 - Subgroups"
2009,06720000,Gateway,,
2009,06730000,Groton-Dunstable,,
2009,06740000,Gill-Montague,,
2009,06750000,Hamilton-Wenham,,
2009,06800000,Hampden-Wilbraham,,
2009,06830000,Hampshire,,"Restructuring Year 1 - Subgroups"
2009,06850000,Hawlemont,"Improvement Year 1",
2009,06900000,"King Philip",,
2009,06950000,Lincoln-Sudbury,,
2009,06980000,"Manchester Essex Regional",,
2009,07000000,"Marthas Vineyard",,
2009,07050000,Masconomet,,
2009,07100000,Mendon-Upton,,
2009,07150000,"Mount Greylock",,"Improvement Year 1 - Subgroups"
2009,07170000,"Mohawk Trail",,
2009,07200000,Narragansett,,
2009,07250000,Nashoba,,
2009,07280000,"New Salem-Wendell",,
2009,07300000,Northboro-Southboro,,
2009,07350000,"North Middlesex",,
2009,07400000,"Old Rochester",,
2009,07450000,Pentucket,,
2009,07500000,"Pioneer Valley",,
2009,07530000,Quabbin,,
2009,07550000,"Ralph C Mahar","Improvement Year 1 - Subgroups","Corrective Action - Subgroups"
2009,07600000,"Silver Lake",,
2009,07650000,"Southern Berkshire",,
2009,07660000,Southwick-Tolland,,
2009,07670000,"Spencer-E Brookfield",,
2009,07700000,Tantasqua,,
2009,07730000,Triton,,
2009,07740000,"Up-Island Regional",,
2009,07750000,Wachusett,,
2009,07780000,"Quaboag Regional",,
2009,07800000,Whitman-Hanson,,"Improvement Year 1 - Subgroups"
2009,08010000,"Assabet Valley Regional Vocational Technical",,
2009,08050000,"Blackstone Valley Regional Vocational Technical",,
2009,08060000,"Blue Hills Regional Vocational Technical","Improvement Year 2 - Subgroups","Improvement Year 1 - Subgroups"
2009,08100000,"Bristol-Plymouth Regional Vocational Technical",,"Improvement Year 1 - Subgroups"
2009,08150000,"Cape Cod Regional Vocational Technical",,
2009,08180000,"Franklin County Regional Vocational Technical",,
2009,08210000,"Greater Fall River Regional Vocational Technical",,
2009,08230000,"Greater Lawrence Regional Vocational Technical","Restructuring Year 2 - Subgroups","Restructuring Year 2 - Subgroups"
2009,08250000,"Greater New Bedford Regional Vocational Technical",,"Improvement Year 2 - Subgroups"
2009,08280000,"Greater Lowell Regional Vocational Technical",,
2009,08290000,"South Middlesex Regional Vocational Technical",,
2009,08300000,"Minuteman Regional Vocational Technical",,
2009,08320000,"Montachusett Regional Vocational Technical",,
2009,08510000,"Northern Berkshire Regional Vocational Technical",,
2009,08520000,"Nashoba Valley Regional Vocational Technical",,
2009,08530000,"Northeast Metropolitan Regional Vocational Technical",,"Improvement Year 1 - Subgroups"
2009,08540000,"North Shore Regional Vocational Technical",,
2009,08550000,"Old Colony Regional Vocational Technical",,
2009,08600000,"Pathfinder Regional Vocational Technical",,"Improvement Year 1 - Subgroups"
2009,08710000,"Shawsheen Valley Regional Vocational Technical",,
2009,08720000,"Southeastern Regional Vocational Technical",,
2009,08730000,"South Shore Regional Vocational Technical",,
2009,08760000,"Southern Worcester County Regional Vocational Technical","Improvement Year 1 - Subgroups","Improvement Year 1 - Subgroups"
2009,08780000,"Tri County Regional Vocational Technical",,"Improvement Year 1 - Subgroups"
2009,08790000,"Upper Cape Cod Regional Vocational Technical",,
2009,08850000,"Whittier Regional Vocational Technical",,
2009,09100000,"Bristol County Agricultural",,
2009,09130000,"Essex Agricultural Technical",,
2009,09150000,"Norfolk County Agricultural",,
2010,00000000,"State Totals","Under Review","Under Review"
2010,00010000,Abington,,
2010,00020000,Acton,,
2010,00030000,Acushnet,,"Improvement Year 2 - Subgroups"
2010,00050000,Agawam,"Corrective Action - Subgroups","Corrective Action - Subgroups"
2010,00070000,Amesbury,,
2010,00080000,Amherst,"Improvement Year 1 - Subgroups","Improvement Year 1 - Subgroups"
2010,00090000,Andover,,
2010,00100000,Arlington,"Improvement Year 1 - Subgroups",
2010,00140000,Ashland,,
2010,00160000,Attleboro,"Improvement Year 1 - Subgroups","Improvement Year 1 - Subgroups"
2010,00170000,Auburn,,
2010,00180000,Avon,,
2010,00190000,Ayer,,
2010,00200000,Barnstable,,
2010,00230000,Bedford,,
2010,00240000,Belchertown,,
2010,00250000,Bellingham,,
2010,00260000,Belmont,,
2010,00270000,Berkley,,"Improvement Year 1"
2010,00280000,Berlin,,
2010,00300000,Beverly,"Improvement Year 2 - Subgroups","Improvement Year 2 - Subgroups"
2010,00310000,Billerica,"Improvement Year 2 - Subgroups","Improvement Year 1 - Subgroups"
2010,00350000,Boston,"Corrective Action - Subgroups","Corrective Action - Subgroups"
2010,00360000,Bourne,,
2010,00370000,Boxborough,,
2010,00380000,Boxford,,
2010,00390000,Boylston,,
2010,00400000,Braintree,,
2010,00410000,Brewster,,
2010,00430000,Brimfield,,
2010,00440000,Brockton,"Corrective Action - Subgroups","Corrective Action - Subgroups"
2010,00450000,Brookfield,,
2010,00460000,Brookline,,
2010,00480000,Burlington,,
2010,00490000,Cambridge,"Improvement Year 1 - Subgroups","Improvement Year 2 - Subgroups"
2010,00500000,Canton,,
2010,00510000,Carlisle,,
2010,00520000,Carver,,
2010,00550000,Chatham,,
2010,00560000,Chelmsford,,
2010,00570000,Chelsea,"Corrective Action - Subgroups","Corrective Action - Subgroups"
2010,00610000,Chicopee,"Corrective Action - Subgroups","Corrective Action - Subgroups"
2010,00630000,Clarksburg,,
2010,00640000,Clinton,"Improvement Year 1 - Subgroups",
2010,00650000,Cohasset,,
2010,00670000,Concord,,
2010,00680000,Conway,,
2010,00710000,Danvers,,
2010,00720000,Dartmouth,,"Improvement Year 1 - Subgroups"
2010,00730000,Dedham,"Improvement Year 2 - Subgroups","Improvement Year 1 - Subgroups"
2010,00740000,Deerfield,,"Improvement Year 1 - Subgroups"
2010,00770000,Douglas,,
2010,00780000,Dover,,
2010,00790000,Dracut,,
2010,00820000,Duxbury,,
2010,00830000,"East Bridgewater",,
2010,00850000,Eastham,,
2010,00860000,Easthampton,,
2010,00870000,"East Longmeadow",,
2010,00880000,Easton,,
2010,00890000,Edgartown,,
2010,00910000,Erving,,
2010,00930000,Everett,"Corrective Action - Subgroups","Corrective Action - Subgroups"
2010,00940000,Fairhaven,,
2010,00950000,"Fall River","Corrective Action","Corrective Action"
2010,00960000,Falmouth,,
2010,00970000,Fitchburg,"Corrective Action - Subgroups","Corrective Action - Subgroups"
2010,00980000,Florida,,
2010,00990000,Foxborough,,
2010,01000000,Framingham,"Improvement Year 1 - Subgroups","Improvement Year 1 - Subgroups"
2010,01010000,Franklin,,
2010,01020000,Freetown,,"Improvement Year 1"
2010,01030000,Gardner,"Corrective Action - Subgroups","Corrective Action - Subgroups"
2010,01050000,Georgetown,,
2010,01070000,Gloucester,,"Corrective Action - Subgroups"
2010,01090000,Gosnold,,
2010,01100000,Grafton,,
2010,01110000,Granby,,
2010,01120000,Granville,,
2010,01140000,Greenfield,"Improvement Year 1 - Subgroups","Corrective Action"
2010,01170000,Hadley,,
2010,01180000,Halifax,"Corrective Action - Subgroups","Improvement Year 1 - Subgroups"
2010,01210000,Hancock,,
2010,01220000,Hanover,,
2010,01250000,Harvard,,
2010,01260000,Harwich,,
2010,01270000,Hatfield,,
2010,01280000,Haverhill,"Corrective Action - Subgroups","Corrective Action - Subgroups"
2010,01310000,Hingham,,
2010,01330000,Holbrook,,"Improvement Year 1 - Subgroups"
2010,01350000,Holland,"Improvement Year 1 - Subgroups","Improvement Year 1"
2010,01360000,Holliston,,
2010,01370000,Holyoke,"Corrective Action","Corrective Action"
2010,01380000,Hopedale,,
2010,01390000,Hopkinton,,
2010,01410000,Hudson,"Improvement Year 1 - Subgroups",
2010,01420000,Hull,,
2010,01440000,Ipswich,,
2010,01450000,Kingston,,
2010,01460000,Lakeville,,
2010,01480000,Lanesborough,,
2010,01490000,Lawrence,"Corrective Action - Subgroups","Corrective Action - Subgroups"
2010,01500000,Lee,,
2010,01510000,Leicester,,
2010,01520000,Lenox,,
2010,01530000,Leominster,"Corrective Action - Subgroups","Improvement Year 1 - Subgroups"
2010,01540000,Leverett,,"Improvement Year 1 - Subgroups"
2010,01550000,Lexington,,
2010,01570000,Lincoln,"Improvement Year 2 - Subgroups","Improvement Year 2 - Subgroups"
2010,01580000,Littleton,,
2010,01590000,Longmeadow,,
2010,01600000,Lowell,"Corrective Action - Subgroups","Corrective Action - Subgroups"
2010,01610000,Ludlow,,"Improvement Year 1 - Subgroups"
2010,01620000,Lunenburg,,
2010,01630000,Lynn,"Corrective Action - Subgroups","Corrective Action - Subgroups"
2010,01640000,Lynnfield,,
2010,01650000,Malden,"Corrective Action - Subgroups","Improvement Year 2 - Subgroups"
2010,01670000,Mansfield,,
2010,01680000,Marblehead,,
2010,01690000,Marion,,
2010,01700000,Marlborough,"Improvement Year 2 - Subgroups","Corrective Action - Subgroups"
2010,01710000,Marshfield,,
2010,01720000,Mashpee,,
2010,01730000,Mattapoisett,,
2010,01740000,Maynard,,
2010,01750000,Medfield,,
2010,01760000,Medford,"Improvement Year 1 - Subgroups","Corrective Action - Subgroups"
2010,01770000,Medway,,
2010,01780000,Melrose,,
2010,01810000,Methuen,"Corrective Action - Subgroups","Corrective Action - Subgroups"
2010,01820000,Middleborough,,
2010,01840000,Middleton,,
2010,01850000,Milford,,
2010,01860000,Millbury,,
2010,01870000,Millis,,
2010,01890000,Milton,,
2010,01910000,Monson,,
2010,01960000,Nahant,,
2010,01970000,Nantucket,,
2010,01980000,Natick,,
2010,01990000,Needham,,
2010,02010000,"New Bedford","Corrective Action","Corrective Action"
2010,02040000,Newburyport,,
2010,02070000,Newton,,"Improvement Year 1 - Subgroups"
2010,02080000,Norfolk,,
2010,02090000,"North Adams",,"Improvement Year 1"
2010,02100000,Northampton,"Improvement Year 1 - Subgroups",
2010,02110000,"North Andover",,
2010,02120000,"North Attleborough",,
2010,02130000,Northborough,,
2010,02140000,Northbridge,,
2010,02150000,"North Brookfield",,
2010,02170000,"North Reading",,
2010,02180000,Norton,,
2010,02190000,Norwell,,
2010,02200000,Norwood,,
2010,02210000,"Oak Bluffs","Improvement Year 2 - Subgroups",
2010,02230000,Orange,"Corrective Action - Subgroups",
2010,02240000,Orleans,,
2010,02260000,Oxford,,
2010,02270000,Palmer,,
2010,02290000,Peabody,"Corrective Action - Subgroups","Corrective Action - Subgroups"
2010,02300000,Pelham,,
2010,02310000,Pembroke,,
2010,02340000,Petersham,"Improvement Year 1","Improvement Year 1"
2010,02360000,Pittsfield,"Corrective Action - Subgroups","Corrective Action - Subgroups"
2010,02380000,Plainville,,
2010,02390000,Plymouth,"Corrective Action - Subgroups","Improvement Year 1 - Subgroups"
2010,02400000,Plympton,,
2010,02420000,Provincetown,,"Improvement Year 1"
2010,02430000,Quincy,"Improvement Year 1 - Subgroups","Improvement Year 2 - Subgroups"
2010,02440000,Randolph,"Corrective Action","Corrective Action - Subgroups"
2010,02460000,Reading,,
2010,02480000,Revere,"Corrective Action - Subgroups",
2010,02490000,Richmond,,"Improvement Year 1"
2010,02500000,Rochester,"Improvement Year 2 - Subgroups","Improvement Year 1 - Subgroups"
2010,02510000,Rockland,,
2010,02520000,Rockport,,
2010,02530000,Rowe,,
2010,02580000,Salem,"Corrective Action - Subgroups","Corrective Action - Subgroups"
2010,02610000,Sandwich,,
2010,02620000,Saugus,,
2010,02630000,Savoy,,
2010,02640000,Scituate,,
2010,02650000,Seekonk,,
2010,02660000,Sharon,,
2010,02690000,Sherborn,,
2010,02700000,Shirley,,
2010,02710000,Shrewsbury,,
2010,02720000,Shutesbury,,
2010,02730000,Somerset,,
2010,02740000,Somerville,"Corrective Action","Corrective Action - Subgroups"
2010,02750000,Southampton,"Improvement Year 2 - Subgroups","Improvement Year 2 - Subgroups"
2010,02760000,Southborough,"Improvement Year 1 - Subgroups","Improvement Year 1 - Subgroups"
2010,02770000,Southbridge,"Corrective Action - Subgroups",
2010,02780000,"South Hadley",,
2010,02810000,Springfield,"Corrective Action","Corrective Action"
2010,02840000,Stoneham,,
2010,02850000,Stoughton,"Corrective Action - Subgroups","Improvement Year 2 - Subgroups"
2010,02870000,Sturbridge,"Improvement Year 1",
2010,02880000,Sudbury,,
2010,02890000,Sunderland,,
2010,02900000,Sutton,,
2010,02910000,Swampscott,,
2010,02920000,Swansea,,
2010,02930000,Taunton,,"Improvement Year 1 - Subgroups"
2010,02950000,Tewksbury,,
2010,02960000,Tisbury,,
2010,02980000,Topsfield,,
2010,03000000,Truro,,
2010,03010000,Tyngsborough,,
2010,03040000,Uxbridge,,
2010,03050000,Wakefield,,
2010,03060000,Wales,,
2010,03070000,Walpole,,
2010,03080000,Waltham,"Corrective Action - Subgroups",
2010,03090000,Ware,,
2010,03100000,Wareham,,"Corrective Action - Subgroups"
2010,03140000,Watertown,,
2010,03150000,Wayland,,
2010,03160000,Webster,,
2010,03170000,Wellesley,,
2010,03180000,Wellfleet,,
2010,03210000,Westborough,,
2010,03220000,"West Boylston",,
2010,03230000,"West Bridgewater",,
2010,03250000,Westfield,"Corrective Action - Subgroups","Corrective Action - Subgroups"
2010,03260000,Westford,,
2010,03270000,Westhampton,,
2010,03300000,Weston,,
2010,03310000,Westport,,
2010,03320000,"West Springfield",,"Improvement Year 2 - Subgroups"
2010,03350000,Westwood,,
2010,03360000,Weymouth,"Corrective Action - Subgroups",
2010,03370000,Whately,,
2010,03400000,Williamsburg,,
2010,03410000,Williamstown,,
2010,03420000,Wilmington,,
2010,03430000,Winchendon,,"Improvement Year 1 - Subgroups"
2010,03440000,Winchester,,
2010,03460000,Winthrop,,
2010,03470000,Woburn,,"Corrective Action - Subgroups"
2010,03480000,Worcester,"Corrective Action - Subgroups","Corrective Action - Subgroups"
2010,03500000,Wrentham,,
2010,04060000,"Northampton-Smith Vocational Agricultural","Improvement Year 1 - Subgroups","Improvement Year 2"
2010,04100000,"Excel Academy Charter (District)",,
2010,04120000,"Academy Of the Pacific Rim Charter Public (District)","Improvement Year 2 - Subgroups",
2010,04130000,"Four Rivers Charter Public (District)",,"Improvement Year 1"
2010,04140000,"Berkshire Arts and Technology Charter Public (District)","Corrective Action - Subgroups","Restructuring Year 1 - Subgroups"
2010,04150000,"Amesbury Academy Charter Public School","Improvement Year 1",
2010,04160000,"Boston Preparatory Charter Public (District)","Improvement Year 1 - Subgroups",
2010,04180000,"Christa McAuliffe Regional Charter Public (District)","Improvement Year 2 - Subgroups",
2010,04190000,"Smith Leadership Academy Charter Public (District)","Restructuring Year 1 - Subgroups","Restructuring Year 2"
2010,04200000,"Benjamin Banneker Charter Public (District)",,
2010,04230000,"Barnstable Horace Mann Charter (District)",,"Improvement Year 2 - Subgroups"
2010,04240000,"Boston Day and Evening Academy Charter (District)","Corrective Action","Corrective Action"
2010,04270000,"Barnstable Community Horace Mann Charter Public (District)",,
2010,04280000,"Edward Brooke Charter (District)",,
2010,04290000,"KIPP Academy Lynn Charter (District)",,"Improvement Year 1 - Subgroups"
2010,04300000,"Advanced Math and Science Academy Charter (District)",,
2010,04320000,"Cape Cod Lighthouse Charter (District)",,"Improvement Year 1"
2010,04350000,"Innovation Academy Charter (District)",,
2010,04360000,"Community Charter School of Cambridge (District)",,
2010,04370000,"City On A Hill Charter Public (District)",,
2010,04380000,"Codman Academy Charter Public (District)",,
2010,04390000,"Conservatory Lab Charter (District)",,"Improvement Year 2 - Subgroups"
2010,04400000,"Community Day Charter Public (District)",,
2010,04410000,"Sabis International Charter (District)",,"Corrective Action - Subgroups"
2010,04440000,"Neighborhood House Charter (District)",,
2010,04450000,"Abby Kelley Foster Charter Public (District)","Corrective Action - Subgroups","Restructuring Year 1 - Subgroups"
2010,04460000,"Foxborough Regional Charter (District)","Improvement Year 1 - Subgroups","Improvement Year 2 - Subgroups"
2010,04470000,"Benjamin Franklin Classical Charter Public (District)",,
2010,04490000,"Boston Collegiate Charter (District)","Improvement Year 1 - Subgroups","Improvement Year 1 - Subgroups"
2010,04500000,"Hilltown Cooperative Charter  Public (District)",,
2010,04510000,"Robert M. Hughes Academy Charter Public (District)","Corrective Action - Subgroups",
2010,04520000,"Edward M. Kennedy Academy for Health Careers (Horace Mann Charter School)",,
2010,04530000,"Holyoke Community Charter (District)","Corrective Action - Subgroups","Corrective Action - Subgroups"
2010,04540000,"Lawrence Family Development Charter (District)",,
2010,04550000,"Hill View Montessori Charter Public (District)",,
2010,04560000,"Lowell Community Charter Public (District)","Restructuring Year 2 - Subgroups","Restructuring Year 1 - Subgroups"
2010,04580000,"Lowell Middlesex Academy Charter (District)",,
2010,04640000,"Marblehead Community Charter Public (District)",,
2010,04660000,"Martha's Vineyard Charter (District)",,
2010,04680000,"Ma Academy for Math and Science",,
2010,04690000,"MATCH Charter Public School (District)",,
2010,04700000,"Mystic Valley Regional Charter (District)","Restructuring Year 1 - Subgroups","Restructuring Year 1 - Subgroups"
2010,04710000,"New Leadership Charter (District)","Restructuring Year 2 - Subgroups","Restructuring Year 2 - Subgroups"
2010,04740000,"North Central Charter Essential (District)","Restructuring Year 1 - Subgroups","Restructuring Year 2"
2010,04750000,"Dorchester Collegiate Academy Charter (District)",,
2010,04770000,"Silver Hill Horace Mann Charter (District)","Restructuring Year 2","Corrective Action - Subgroups"
2010,04780000,"Francis W. Parker Charter Essential (District)",,
2010,04790000,"Pioneer Valley Performing Arts Charter Public (District)",,"Improvement Year 1 - Subgroups"
2010,04810000,"Boston Renaissance Charter Public (District)","Restructuring Year 1 - Subgroups",
2010,04820000,"River Valley Charter (District)",,
2010,04830000,"Rising Tide Charter Public (District)",,"Improvement Year 1 - Subgroups"
2010,04840000,"Roxbury Preparatory Charter (District)",,
2010,04850000,"Salem Academy Charter (District)",,"Corrective Action - Subgroups"
2010,04860000,"Seven Hills Charter Public (District)","Restructuring Year 2","Restructuring Year 2"
2010,04870000,"Prospect Hill Academy Charter (District)","Improvement Year 2 - Subgroups","Improvement Year 1 - Subgroups"
2010,04880000,"South Shore Charter Public (District)",,"Restructuring Year 1 - Subgroups"
2010,04890000,"Sturgis Charter Public (District)",,
2010,04910000,"Atlantis Charter (District)","Corrective Action - Subgroups","Improvement Year 1 - Subgroups"
2010,04920000,"Martin Luther King Jr. Charter School of Excellence (District)","Improvement Year 2 - Subgroups",
2010,04930000,"Phoenix Charter Academy (District)",,
2010,04940000,"Pioneer Charter School of Science (District)",,
2010,04960000,"Global Learning Charter Public  (District)","Improvement Year 2 - Subgroups","Improvement Year 2"
2010,04970000,"Pioneer Valley Chinese Immersion Charter(District)",,
2010,04990000,"Hampden Charter School of Science (District)",,
2010,06000000,Acton-Boxborough,,
2010,06030000,Adams-Cheshire,,
2010,06050000,Amherst-Pelham,,
2010,06100000,Ashburnham-Westminster,,
2010,06150000,Athol-Royalston,,
2010,06180000,"Berkshire Hills",,
2010,06200000,Berlin-Boylston,,
2010,06220000,Blackstone-Millville,,
2010,06250000,Bridgewater-Raynham,,"Corrective Action - Subgroups"
2010,06320000,Chesterfield-Goshen,"Improvement Year 1",
2010,06350000,"Central Berkshire",,
2010,06400000,Concord-Carlisle,,
2010,06450000,Dennis-Yarmouth,"Improvement Year 1","Corrective Action - Subgroups"
2010,06500000,Dighton-Rehoboth,,
2010,06550000,Dover-Sherborn,,
2010,06580000,"Dudley-Charlton Reg",,
2010,06600000,Nauset,,
2010,06620000,"Farmington River Reg",,
2010,06650000,Freetown-Lakeville,,
2010,06700000,Frontier,"Improvement Year 2 - Subgroups","Improvement Year 2 - Subgroups"
2010,06720000,Gateway,,
2010,06730000,Groton-Dunstable,,
2010,06740000,Gill-Montague,,
2010,06750000,Hamilton-Wenham,,
2010,06800000,Hampden-Wilbraham,,
2010,06830000,Hampshire,"Improvement Year 1 - Subgroups","Restructuring Year 2 - Subgroups"
2010,06850000,Hawlemont,,
2010,06900000,"King Philip",,
2010,06950000,Lincoln-Sudbury,,
2010,06980000,"Manchester Essex Regional",,
2010,07000000,"Marthas Vineyard",,
2010,07050000,Masconomet,,
2010,07100000,Mendon-Upton,,
2010,07150000,"Mount Greylock","Improvement Year 1 - Subgroups","Improvement Year 2 - Subgroups"
2010,07170000,"Mohawk Trail",,
2010,07200000,Narragansett,,
2010,07250000,Nashoba,,
2010,07280000,"New Salem-Wendell",,
2010,07300000,Northboro-Southboro,,
2010,07350000,"North Middlesex",,
2010,07400000,"Old Rochester",,
2010,07450000,Pentucket,,
2010,07500000,"Pioneer Valley",,
2010,07530000,Quabbin,,
2010,07550000,"Ralph C Mahar",,"Restructuring Year 1 - Subgroups"
2010,07600000,"Silver Lake",,
2010,07650000,"Southern Berkshire",,
2010,07660000,Southwick-Tolland,,
2010,07670000,"Spencer-E Brookfield",,
2010,07700000,Tantasqua,,
2010,07730000,Triton,,
2010,07740000,"Up-Island Regional",,
2010,07750000,Wachusett,,
2010,07780000,"Quaboag Regional",,
2010,07800000,Whitman-Hanson,"Improvement Year 1 - Subgroups","Improvement Year 1 - Subgroups"
2010,08010000,"Assabet Valley Regional Vocational Technical",,
2010,08050000,"Blackstone Valley Regional Vocational Technical",,
2010,08060000,"Blue Hills Regional Vocational Technical",,
2010,08100000,"Bristol-Plymouth Regional Vocational Technical",,
2010,08150000,"Cape Cod Regional Vocational Technical",,
2010,08180000,"Franklin County Regional Vocational Technical",,
2010,08210000,"Greater Fall River Regional Vocational Technical",,
2010,08230000,"Greater Lawrence Regional Vocational Technical","Restructuring Year 2 - Subgroups","Restructuring Year 2 - Subgroups"
2010,08250000,"Greater New Bedford Regional Vocational Technical",,"Improvement Year 2 - Subgroups"
2010,08280000,"Greater Lowell Regional Vocational Technical",,
2010,08290000,"South Middlesex Regional Vocational Technical",,
2010,08300000,"Minuteman Regional Vocational Technical",,
2010,08320000,"Montachusett Regional Vocational Technical",,"Improvement Year 1 - Subgroups"
2010,08510000,"Northern Berkshire Regional Vocational Technical",,
2010,08520000,"Nashoba Valley Regional Vocational Technical",,
2010,08530000,"Northeast Metropolitan Regional Vocational Technical",,"Improvement Year 2 - Subgroups"
2010,08540000,"North Shore Regional Vocational Technical",,
2010,08550000,"Old Colony Regional Vocational Technical",,
2010,08600000,"Pathfinder Regional Vocational Technical",,"Improvement Year 2 - Subgroups"
2010,08710000,"Shawsheen Valley Regional Vocational Technical",,
2010,08720000,"Southeastern Regional Vocational Technical",,
2010,08730000,"South Shore Regional Vocational Technical",,
2010,08760000,"Southern Worcester County Regional Vocational Technical","Improvement Year 2 - Subgroups","Improvement Year 1 - Subgroups"
2010,08780000,"Tri County Regional Vocational Technical",,"Improvement Year 1 - Subgroups"
2010,08790000,"Upper Cape Cod Regional Vocational Technical",,
2010,08850000,"Whittier Regional Vocational Technical",,
2010,09100000,"Bristol County Agricultural",,
2010,09130000,"Essex Agricultural Technical",,
2010,09150000,"Norfolk County Agricultural",,
2011,00000000,"State Total","Under Review","Under Review"
2011,00010000,Abington,,
2011,00020000,Acton,,
2011,00030000,Acushnet,"Improvement Year 1 - Subgroups","Corrective Action - Subgroups"
2011,00050000,Agawam,"Corrective Action - Subgroups","Corrective Action - Subgroups"
2011,00070000,Amesbury,,
2011,00080000,Amherst,"Improvement Year 2 - Subgroups","Improvement Year 2 - Subgroups"
2011,00090000,Andover,,
2011,00100000,Arlington,"Improvement Year 1 - Subgroups",
2011,00140000,Ashland,,
2011,00160000,Attleboro,"Improvement Year 2 - Subgroups","Improvement Year 2 - Subgroups"
2011,00170000,Auburn,,
2011,00180000,Avon,,
2011,00190000,Ayer,,
2011,00200000,Barnstable,,
2011,00230000,Bedford,,
2011,00240000,Belchertown,,
2011,00250000,Bellingham,,
2011,00260000,Belmont,,
2011,00270000,Berkley,,"Improvement Year 2 - Subgroups"
2011,00280000,Berlin,"Improvement Year 1",
2011,00300000,Beverly,"Improvement Year 2 - Subgroups","Improvement Year 2 - Subgroups"
2011,00310000,Billerica,"Corrective Action - Subgroups","Improvement Year 2 - Subgroups"
2011,00350000,Boston,"Corrective Action","Corrective Action - Subgroups"
2011,00360000,Bourne,,
2011,00370000,Boxborough,,
2011,00380000,Boxford,,
2011,00390000,Boylston,,
2011,00400000,Braintree,,
2011,00410000,Brewster,,
2011,00430000,Brimfield,,
2011,00440000,Brockton,"Corrective Action - Subgroups","Corrective Action - Subgroups"
2011,00450000,Brookfield,,
2011,00460000,Brookline,,"Improvement Year 1 - Subgroups"
2011,00480000,Burlington,,
2011,00490000,Cambridge,"Improvement Year 2 - Subgroups","Corrective Action - Subgroups"
2011,00500000,Canton,,
2011,00510000,Carlisle,,
2011,00520000,Carver,,
2011,00550000,Chatham,,
2011,00560000,Chelmsford,,
2011,00570000,Chelsea,"Corrective Action - Subgroups","Corrective Action - Subgroups"
2011,00610000,Chicopee,"Corrective Action - Subgroups","Corrective Action - Subgroups"
2011,00630000,Clarksburg,,
2011,00640000,Clinton,"Improvement Year 1 - Subgroups",
2011,00650000,Cohasset,,
2011,00670000,Concord,,
2011,00680000,Conway,,
2011,00710000,Danvers,"Improvement Year 1 - Subgroups","Improvement Year 1 - Subgroups"
2011,00720000,Dartmouth,,"Improvement Year 2 - Subgroups"
2011,00730000,Dedham,"Improvement Year 2 - Subgroups","Improvement Year 1 - Subgroups"
2011,00740000,Deerfield,,"Improvement Year 2 - Subgroups"
2011,00770000,Douglas,,
2011,00780000,Dover,,
2011,00790000,Dracut,,
2011,00820000,Duxbury,,
2011,00830000,"East Bridgewater",,
2011,00850000,Eastham,,
2011,00860000,Easthampton,,"Improvement Year 1 - Subgroups"
2011,00870000,"East Longmeadow","Improvement Year 1 - Subgroups","Improvement Year 1 - Subgroups"
2011,00880000,Easton,,
2011,00890000,Edgartown,,
2011,00910000,Erving,"Improvement Year 1 - Subgroups",
2011,00930000,Everett,"Corrective Action - Subgroups","Corrective Action - Subgroups"
2011,00940000,Fairhaven,,
2011,00950000,"Fall River","Corrective Action","Corrective Action"
2011,00960000,Falmouth,,
2011,00970000,Fitchburg,"Corrective Action - Subgroups","Corrective Action - Subgroups"
2011,00980000,Florida,,
2011,00990000,Foxborough,,
2011,01000000,Framingham,"Improvement Year 2 - Subgroups","Improvement Year 2 - Subgroups"
2011,01010000,Franklin,,
2011,01020000,Freetown,"Improvement Year 1","Improvement Year 1"
2011,01030000,Gardner,"Corrective Action - Subgroups","Corrective Action - Subgroups"
2011,01050000,Georgetown,,
2011,01070000,Gloucester,,"Corrective Action - Subgroups"
2011,01090000,Gosnold,,
2011,01100000,Grafton,,
2011,01110000,Granby,,
2011,01120000,Granville,,
2011,01140000,Greenfield,"Improvement Year 2 - Subgroups",
2011,01170000,Hadley,,
2011,01180000,Halifax,"Corrective Action - Subgroups",
2011,01210000,Hancock,,
2011,01220000,Hanover,,
2011,01250000,Harvard,,
2011,01260000,Harwich,,
2011,01270000,Hatfield,,
2011,01280000,Haverhill,"Corrective Action","Corrective Action - Subgroups"
2011,01310000,Hingham,,
2011,01330000,Holbrook,,
2011,01350000,Holland,"Improvement Year 2 - Subgroups","Improvement Year 2 - Subgroups"
2011,01360000,Holliston,,
2011,01370000,Holyoke,"Corrective Action","Corrective Action"
2011,01380000,Hopedale,,
2011,01390000,Hopkinton,,
2011,01410000,Hudson,,
2011,01420000,Hull,,
2011,01440000,Ipswich,,
2011,01450000,Kingston,,
2011,01460000,Lakeville,"Improvement Year 1 - Subgroups",
2011,01480000,Lanesborough,"Improvement Year 1",
2011,01490000,Lawrence,"Corrective Action - Subgroups","Corrective Action - Subgroups"
2011,01500000,Lee,,
2011,01510000,Leicester,,
2011,01520000,Lenox,,
2011,01530000,Leominster,,"Improvement Year 2 - Subgroups"
2011,01540000,Leverett,,
2011,01550000,Lexington,,
2011,01570000,Lincoln,"Corrective Action - Subgroups",
2011,01580000,Littleton,,
2011,01590000,Longmeadow,,
2011,01600000,Lowell,"Corrective Action - Subgroups","Corrective Action - Subgroups"
2011,01610000,Ludlow,"Improvement Year 1 - Subgroups","Improvement Year 2 - Subgroups"
2011,01620000,Lunenburg,,
2011,01630000,Lynn,"Corrective Action - Subgroups","Corrective Action - Subgroups"
2011,01640000,Lynnfield,,
2011,01650000,Malden,"Corrective Action - Subgroups","Corrective Action - Subgroups"
2011,01670000,Mansfield,,
2011,01680000,Marblehead,,
2011,01690000,Marion,,
2011,01700000,Marlborough,"Corrective Action - Subgroups","Corrective Action - Subgroups"
2011,01710000,Marshfield,,
2011,01720000,Mashpee,,
2011,01730000,Mattapoisett,,
2011,01740000,Maynard,,
2011,01750000,Medfield,,
2011,01760000,Medford,"Improvement Year 2 - Subgroups","Corrective Action - Subgroups"
2011,01770000,Medway,,
2011,01780000,Melrose,,
2011,01810000,Methuen,"Corrective Action - Subgroups","Corrective Action - Subgroups"
2011,01820000,Middleborough,,
2011,01840000,Middleton,,
2011,01850000,Milford,,
2011,01860000,Millbury,,
2011,01870000,Millis,,
2011,01890000,Milton,,
2011,01910000,Monson,,
2011,01960000,Nahant,,
2011,01970000,Nantucket,,
2011,01980000,Natick,,
2011,01990000,Needham,,
2011,02010000,"New Bedford","Corrective Action","Corrective Action"
2011,02040000,Newburyport,,
2011,02070000,Newton,,"Improvement Year 1 - Subgroups"
2011,02080000,Norfolk,,
2011,02090000,"North Adams","Improvement Year 1 - Subgroups","Improvement Year 2 - Subgroups"
2011,02100000,Northampton,"Improvement Year 1 - Subgroups",
2011,02110000,"North Andover",,
2011,02120000,"North Attleborough",,
2011,02130000,Northborough,"Improvement Year 1 - Subgroups","Improvement Year 1 - Subgroups"
2011,02140000,Northbridge,,
2011,02150000,"North Brookfield",,
2011,02170000,"North Reading",,
2011,02180000,Norton,,
2011,02190000,Norwell,,
2011,02200000,Norwood,,
2011,02210000,"Oak Bluffs","Corrective Action","Improvement Year 1 - Subgroups"
2011,02230000,Orange,,
2011,02240000,Orleans,,
2011,02260000,Oxford,,"Improvement Year 1"
2011,02270000,Palmer,,
2011,02290000,Peabody,"Corrective Action - Subgroups","Corrective Action - Subgroups"
2011,02300000,Pelham,,
2011,02310000,Pembroke,,
2011,02340000,Petersham,"Improvement Year 2","Improvement Year 1"
2011,02360000,Pittsfield,"Corrective Action - Subgroups","Corrective Action - Subgroups"
2011,02380000,Plainville,,
2011,02390000,Plymouth,"Corrective Action - Subgroups","Improvement Year 2 - Subgroups"
2011,02400000,Plympton,,
2011,02420000,Provincetown,"Improvement Year 1","Improvement Year 2"
2011,02430000,Quincy,"Improvement Year 2 - Subgroups","Corrective Action - Subgroups"
2011,02440000,Randolph,"Corrective Action","Corrective Action - Subgroups"
2011,02460000,Reading,"Improvement Year 1 - Subgroups",
2011,02480000,Revere,"Corrective Action - Subgroups","Improvement Year 1"
2011,02490000,Richmond,,"Improvement Year 1"
2011,02500000,Rochester,"Corrective Action - Subgroups","Improvement Year 2 - Subgroups"
2011,02510000,Rockland,,
2011,02520000,Rockport,,
2011,02530000,Rowe,,
2011,02580000,Salem,"Corrective Action - Subgroups","Corrective Action - Subgroups"
2011,02610000,Sandwich,,"Improvement Year 1 - Subgroups"
2011,02620000,Saugus,,
2011,02630000,Savoy,,
2011,02640000,Scituate,,
2011,02650000,Seekonk,,
2011,02660000,Sharon,,
2011,02690000,Sherborn,,
2011,02700000,Shirley,,"Improvement Year 1 - Subgroups"
2011,02710000,Shrewsbury,,
2011,02720000,Shutesbury,,
2011,02730000,Somerset,,
2011,02740000,Somerville,"Corrective Action","Corrective Action - Subgroups"
2011,02750000,Southampton,"Improvement Year 2 - Subgroups","Corrective Action - Subgroups"
2011,02760000,Southborough,"Improvement Year 1 - Subgroups","Improvement Year 1 - Subgroups"
2011,02770000,Southbridge,"Corrective Action - Subgroups","Improvement Year 1"
2011,02780000,"South Hadley",,
2011,02810000,Springfield,"Corrective Action","Corrective Action"
2011,02840000,Stoneham,,
2011,02850000,Stoughton,"Corrective Action - Subgroups","Corrective Action - Subgroups"
2011,02870000,Sturbridge,"Improvement Year 1",
2011,02880000,Sudbury,,
2011,02890000,Sunderland,,
2011,02900000,Sutton,,
2011,02910000,Swampscott,,
2011,02920000,Swansea,,
2011,02930000,Taunton,"Improvement Year 1 - Subgroups","Improvement Year 2 - Subgroups"
2011,02950000,Tewksbury,,
2011,02960000,Tisbury,,
2011,02980000,Topsfield,,
2011,03000000,Truro,,
2011,03010000,Tyngsborough,,
2011,03040000,Uxbridge,,
2011,03050000,Wakefield,,
2011,03060000,Wales,,
2011,03070000,Walpole,,
2011,03080000,Waltham,"Corrective Action - Subgroups","Improvement Year 1 - Subgroups"
2011,03090000,Ware,"Improvement Year 1 - Subgroups",
2011,03100000,Wareham,,"Corrective Action - Subgroups"
2011,03140000,Watertown,,
2011,03150000,Wayland,,
2011,03160000,Webster,"Improvement Year 1 - Subgroups","Improvement Year 1 - Subgroups"
2011,03170000,Wellesley,,
2011,03180000,Wellfleet,,
2011,03210000,Westborough,,
2011,03220000,"West Boylston",,
2011,03230000,"West Bridgewater",,
2011,03250000,Westfield,"Corrective Action - Subgroups","Corrective Action - Subgroups"
2011,03260000,Westford,,
2011,03270000,Westhampton,,
2011,03300000,Weston,,
2011,03310000,Westport,,
2011,03320000,"West Springfield","Improvement Year 1 - Subgroups","Corrective Action - Subgroups"
2011,03350000,Westwood,,
2011,03360000,Weymouth,"Corrective Action - Subgroups","Improvement Year 1 - Subgroups"
2011,03370000,Whately,,
2011,03400000,Williamsburg,,
2011,03410000,Williamstown,,
2011,03420000,Wilmington,,
2011,03430000,Winchendon,"Improvement Year 1 - Subgroups","Improvement Year 2 - Subgroups"
2011,03440000,Winchester,,
2011,03460000,Winthrop,,
2011,03470000,Woburn,"Improvement Year 1 - Subgroups","Corrective Action - Subgroups"
2011,03480000,Worcester,"Corrective Action - Subgroups","Corrective Action - Subgroups"
2011,03500000,Wrentham,,
2011,04060000,"Northampton-Smith Vocational Agricultural",,"Corrective Action - Subgroups"
2011,04100000,"Excel Academy Charter (District)",,
2011,04120000,"Academy Of the Pacific Rim Charter Public (District)","Improvement Year 2 - Subgroups",
2011,04130000,"Four Rivers Charter Public (District)",,"Improvement Year 1"
2011,04140000,"Berkshire Arts and Technology Charter Public (District)",,"Restructuring Year 2 - Subgroups"
2011,04160000,"Boston Preparatory Charter Public (District)","Improvement Year 1 - Subgroups",
2011,04180000,"Christa McAuliffe Regional Charter Public (District)","Improvement Year 2 - Subgroups",
2011,04190000,"Smith Leadership Academy Charter Public (District)","Restructuring Year 1 - Subgroups","Restructuring Year 2"
2011,04200000,"Benjamin Banneker Charter Public (District)",,
2011,04230000,"Barnstable Horace Mann Charter (District)","Improvement Year 1","Corrective Action - Subgroups"
2011,04240000,"Boston Day and Evening Academy Charter (District)","Restructuring Year 1","Restructuring Year 1"
2011,04270000,"Barnstable Community Horace Mann Charter Public (District)",,
2011,04280000,"Edward Brooke Charter (District)",,
2011,04290000,"KIPP Academy Lynn Charter (District)","Improvement Year 1","Improvement Year 2 - Subgroups"
2011,04300000,"Advanced Math and Science Academy Charter (District)",,"Improvement Year 1 - Subgroups"
2011,04320000,"Cape Cod Lighthouse Charter (District)",,"Improvement Year 2"
2011,04350000,"Innovation Academy Charter (District)",,"Improvement Year 1 - Subgroups"
2011,04360000,"Community Charter School of Cambridge (District)",,
2011,04370000,"City On A Hill Charter Public (District)",,
2011,04380000,"Codman Academy Charter Public (District)","Improvement Year 1",
2011,04390000,"Conservatory Lab Charter (District)",,"Improvement Year 2 - Subgroups"
2011,04400000,"Community Day Charter Public (District)",,
2011,04410000,"Sabis International Charter (District)",,"Restructuring Year 1 - Subgroups"
2011,04440000,"Neighborhood House Charter (District)","Improvement Year 1 - Subgroups",
2011,04450000,"Abby Kelley Foster Charter Public (District)","Restructuring Year 1 - Subgroups","Restructuring Year 2"
2011,04460000,"Foxborough Regional Charter (District)","Improvement Year 2 - Subgroups","Corrective Action - Subgroups"
2011,04470000,"Benjamin Franklin Classical Charter Public (District)",,
2011,04480000,"Gloucester Community Arts Charter (District)",,
2011,04490000,"Boston Collegiate Charter (District)","Improvement Year 2 - Subgroups","Improvement Year 2 - Subgroups"
2011,04500000,"Hilltown Cooperative Charter  Public (District)",,
2011,04520000,"Edward M. Kennedy Academy for Health Careers (Horace Mann Charter School)",,
2011,04530000,"Holyoke Community Charter (District)","Restructuring Year 1 - Subgroups","Restructuring Year 1 - Subgroups"
2011,04540000,"Lawrence Family Development Charter (District)",,
2011,04550000,"Hill View Montessori Charter Public (District)",,"Improvement Year 1"
2011,04560000,"Lowell Community Charter Public (District)","Restructuring Year 2 - Subgroups","Restructuring Year 2 - Subgroups"
2011,04580000,"Lowell Middlesex Academy Charter (District)",,
2011,04640000,"Marblehead Community Charter Public (District)",,
2011,04660000,"Martha's Vineyard Charter (District)",,
2011,04680000,"Ma Academy for Math and Science",,
2011,04690000,"MATCH Charter Public School (District)","Improvement Year 1",
2011,04700000,"Mystic Valley Regional Charter (District)","Restructuring Year 1 - Subgroups","Restructuring Year 2 - Subgroups"
2011,04710000,"New Leadership Charter (District)","Restructuring Year 2 - Subgroups","Restructuring Year 2 - Subgroups"
2011,04740000,"North Central Charter Essential (District)","Restructuring Year 2 - Subgroups","Restructuring Year 2"
2011,04750000,"Dorchester Collegiate Academy Charter (District)",,
2011,04760000,"Spirit of Knowledge Charter School (District)",,
2011,04770000,"Silver Hill Horace Mann Charter (District)","Restructuring Year 2","Restructuring Year 1"
2011,04780000,"Francis W. Parker Charter Essential (District)",,
2011,04790000,"Pioneer Valley Performing Arts Charter Public (District)",,"Improvement Year 2 - Subgroups"
2011,04810000,"Boston Renaissance Charter Public (District)","Restructuring Year 2 - Subgroups","Improvement Year 1"
2011,04820000,"River Valley Charter (District)",,
2011,04830000,"Rising Tide Charter Public (District)",,"Improvement Year 2 - Subgroups"
2011,04840000,"Roxbury Preparatory Charter (District)",,"Improvement Year 1 - Subgroups"
2011,04850000,"Salem Academy Charter (District)",,"Restructuring Year 1 - Subgroups"
2011,04860000,"Seven Hills Charter Public (District)","Restructuring Year 2","Restructuring Year 2"
2011,04870000,"Prospect Hill Academy Charter (District)","Corrective Action - Subgroups","Improvement Year 2 - Subgroups"
2011,04880000,"South Shore Charter Public (District)",,"Restructuring Year 1 - Subgroups"
2011,04890000,"Sturgis Charter Public (District)",,
2011,04910000,"Atlantis Charter (District)","Restructuring Year 1 - Subgroups","Improvement Year 2 - Subgroups"
2011,04920000,"Martin Luther King Jr. Charter School of Excellence (District)","Corrective Action - Subgroups","Improvement Year 1 - Subgroups"
2011,04930000,"Phoenix Charter Academy (District)",,
2011,04940000,"Pioneer Charter School of Science (District)",,
2011,04960000,"Global Learning Charter Public  (District)","Corrective Action - Subgroups","Corrective Action"
2011,04970000,"Pioneer Valley Chinese Immersion Charter(District)",,
2011,04990000,"Hampden Charter School of Science (District)","Improvement Year 1",
2011,06000000,Acton-Boxborough,,
2011,06030000,Adams-Cheshire,,
2011,06050000,Amherst-Pelham,"Improvement Year 1 - Subgroups","Improvement Year 1 - Subgroups"
2011,06100000,Ashburnham-Westminster,,
2011,06150000,Athol-Royalston,,
2011,06180000,"Berkshire Hills",,
2011,06200000,Berlin-Boylston,,
2011,06220000,Blackstone-Millville,,
2011,06250000,Bridgewater-Raynham,,"Corrective Action - Subgroups"
2011,06320000,Chesterfield-Goshen,"Improvement Year 2",
2011,06350000,"Central Berkshire",,
2011,06400000,Concord-Carlisle,,
2011,06450000,Dennis-Yarmouth,"Improvement Year 2 - Subgroups","Corrective Action - Subgroups"
2011,06500000,Dighton-Rehoboth,,
2011,06550000,Dover-Sherborn,,
2011,06580000,"Dudley-Charlton Reg",,
2011,06600000,Nauset,,
2011,06620000,"Farmington River Reg",,"Improvement Year 1"
2011,06650000,Freetown-Lakeville,,
2011,06700000,Frontier,"Corrective Action - Subgroups","Corrective Action - Subgroups"
2011,06720000,Gateway,,
2011,06730000,Groton-Dunstable,,
2011,06740000,Gill-Montague,,
2011,06750000,Hamilton-Wenham,,
2011,06800000,Hampden-Wilbraham,,"Improvement Year 1 - Subgroups"
2011,06830000,Hampshire,"Improvement Year 2 - Subgroups","Restructuring Year 2 - Subgroups"
2011,06850000,Hawlemont,,"Improvement Year 1"
2011,06900000,"King Philip",,
2011,06950000,Lincoln-Sudbury,,
2011,06980000,"Manchester Essex Regional",,
2011,07000000,"Marthas Vineyard",,
2011,07050000,Masconomet,,
2011,07100000,Mendon-Upton,,
2011,07150000,"Mount Greylock","Improvement Year 1 - Subgroups","Corrective Action - Subgroups"
2011,07170000,"Mohawk Trail",,
2011,07200000,Narragansett,,
2011,07250000,Nashoba,,
2011,07280000,"New Salem-Wendell",,
2011,07300000,Northboro-Southboro,,
2011,07350000,"North Middlesex",,
2011,07400000,"Old Rochester",,
2011,07450000,Pentucket,,
2011,07500000,"Pioneer Valley",,
2011,07530000,Quabbin,,
2011,07550000,"Ralph C Mahar",,"Restructuring Year 2 - Subgroups"
2011,07600000,"Silver Lake",,
2011,07650000,"Southern Berkshire",,
2011,07660000,Southwick-Tolland,,
2011,07670000,"Spencer-E Brookfield",,
2011,07700000,Tantasqua,,"Improvement Year 1 - Subgroups"
2011,07730000,Triton,,
2011,07740000,"Up-Island Regional",,
2011,07750000,Wachusett,,
2011,07780000,"Quaboag Regional",,
2011,07800000,Whitman-Hanson,"Improvement Year 2 - Subgroups","Improvement Year 2 - Subgroups"
2011,08010000,"Assabet Valley Regional Vocational Technical",,"Improvement Year 1 - Subgroups"
2011,08050000,"Blackstone Valley Regional Vocational Technical",,
2011,08060000,"Blue Hills Regional Vocational Technical",,
2011,08100000,"Bristol-Plymouth Regional Vocational Technical",,
2011,08150000,"Cape Cod Regional Vocational Technical",,
2011,08180000,"Franklin County Regional Vocational Technical",,
2011,08210000,"Greater Fall River Regional Vocational Technical",,
2011,08230000,"Greater Lawrence Regional Vocational Technical","Restructuring Year 2 - Subgroups","Restructuring Year 2 - Subgroups"
2011,08250000,"Greater New Bedford Regional Vocational Technical",,"Corrective Action - Subgroups"
2011,08280000,"Greater Lowell Regional Vocational Technical",,"Improvement Year 1 - Subgroups"
2011,08290000,"South Middlesex Regional Vocational Technical",,
2011,08300000,"Minuteman Regional Vocational Technical",,
2011,08320000,"Montachusett Regional Vocational Technical",,"Improvement Year 1 - Subgroups"
2011,08510000,"Northern Berkshire Regional Vocational Technical",,
2011,08520000,"Nashoba Valley Regional Vocational Technical",,
2011,08530000,"Northeast Metropolitan Regional Vocational Technical",,"Improvement Year 2 - Subgroups"
2011,08540000,"North Shore Regional Vocational Technical",,
2011,08550000,"Old Colony Regional Vocational Technical",,
2011,08600000,"Pathfinder Regional Vocational Technical",,"Improvement Year 2 - Subgroups"
2011,08710000,"Shawsheen Valley Regional Vocational Technical",,
2011,08720000,"Southeastern Regional Vocational Technical","Improvement Year 1 - Subgroups","Improvement Year 1 - Subgroups"
2011,08730000,"South Shore Regional Vocational Technical",,
2011,08760000,"Southern Worcester County Regional Vocational Technical","Improvement Year 2 - Subgroups","Improvement Year 2"
2011,08780000,"Tri County Regional Vocational Technical",,"Improvement Year 2 - Subgroups"
2011,08790000,"Upper Cape Cod Regional Vocational Technical",,
2011,08850000,"Whittier Regional Vocational Technical",,
2011,09100000,"Bristol County Agricultural",,
2011,09130000,"Essex Agricultural Technical",,
2011,09150000,"Norfolk County Agricultural",,
